pass,off,kind,idxbyte
0,0,CTRL,209
0,2,CTRL,210
0,4,CTRL,211
0,6,CTRL,212
0,8,CTRL,213
0,10,CTRL,214
0,12,CTRL,215
0,14,CTRL,216
0,16,CTRL,217
0,18,CTRL,218
0,20,CTRL,219
0,22,CTRL,220
0,24,CTRL,221
0,26,CTRL,222
0,28,CTRL,223
0,30,CTRL,224
0,32,CTRL,225
0,34,CTRL,226
0,36,CTRL,227
0,38,CTRL,228
0,40,CTRL,229
0,44,CTRL,231
0,46,CTRL,232
0,48,CTRL,233
0,50,CTRL,234
0,52,CTRL,235
0,54,CTRL,236
0,56,CTRL,237
0,58,CTRL,238
0,60,CTRL,239
1,0,CTRL,241
1,2,CTRL,242
1,4,CTRL,243
1,6,CTRL,244
1,8,CTRL,245
1,10,CTRL,246
1,12,DUAL1,36
1,12,DUAL2,39
1,14,DUAL1,37
1,14,DUAL2,39
1,16,CTRL,247
1,18,CTRL,248
1,20,CTRL,249
1,24,CTRL,251
1,26,CTRL,252
1,28,CTRL,253
1,30,CTRL,254
1,32,CTRL,255
1,34,CTRL,0
1,36,CTRL,1
1,38,CTRL,2
1,40,CTRL,3
1,42,DUAL1,5
1,42,DUAL2,40
1,44,CTRL,4
1,46,CTRL,5
1,48,CTRL,6
1,50,CTRL,7
1,52,CTRL,8
1,54,CTRL,9
1,56,CTRL,10
1,58,CTRL,11
1,60,CTRL,12
1,62,CTRL,13
2,0,CTRL,14
2,2,CTRL,15
2,4,DUAL1,34
2,4,DUAL2,9
2,6,CTRL,16
2,8,CTRL,17
2,10,DUAL1,12
2,10,DUAL2,17
2,12,CTRL,18
2,14,DUAL1,25
2,14,DUAL2,7
2,16,CTRL,19
2,18,CTRL,20
2,20,CTRL,21
2,24,CTRL,23
2,28,CTRL,25
2,30,CTRL,26
2,32,CTRL,27
2,34,CTRL,28
2,36,CTRL,29
2,38,CTRL,30
2,40,CTRL,31
2,42,CTRL,32
2,44,CTRL,33
2,46,CTRL,34
2,48,CTRL,35
2,50,CTRL,36
2,52,CTRL,37
2,54,CTRL,38
2,56,DUAL1,11
2,56,DUAL2,39
2,58,CTRL,39
2,60,DUAL1,25
2,60,DUAL2,36
2,62,CTRL,40
3,0,CTRL,41
3,2,CTRL,42
3,4,CTRL,43
3,6,DUAL1,17
3,6,DUAL2,6
3,8,CTRL,44
3,10,CTRL,45
3,12,CTRL,46
3,14,DUAL1,6
3,14,DUAL2,1
3,16,CTRL,47
3,18,CTRL,48
3,20,CTRL,49
3,22,CTRL,50
3,24,CTRL,51
3,28,CTRL,53
3,30,CTRL,54
3,32,CTRL,55
3,34,DUAL1,10
3,34,DUAL2,37
3,36,CTRL,56
3,38,CTRL,57
3,40,CTRL,58
3,42,CTRL,59
3,44,CTRL,60
3,46,CTRL,61
3,48,DUAL1,48
3,48,DUAL2,44
3,50,CTRL,62
3,52,CTRL,63
3,54,CTRL,64
3,56,CTRL,65
3,58,CTRL,66
3,60,CTRL,67
3,62,CTRL,68
4,0,CTRL,69
4,2,CTRL,70
4,4,DUAL1,2
4,4,DUAL2,45
4,6,CTRL,71
4,8,CTRL,72
4,10,DUAL1,2
4,10,DUAL2,40
4,12,CTRL,73
4,14,CTRL,74
4,16,CTRL,75
4,18,DUAL1,30
4,18,DUAL2,32
4,20,CTRL,76
4,22,CTRL,77
4,24,CTRL,78
4,26,CTRL,79
4,28,DUAL1,32
4,28,DUAL2,45
4,30,CTRL,80
4,32,DUAL1,1
4,32,DUAL2,20
4,34,DUAL1,44
4,34,DUAL2,26
4,36,CTRL,81
4,38,CTRL,82
4,40,CTRL,83
4,42,CTRL,84
4,44,CTRL,85
4,46,CTRL,86
4,50,CTRL,88
4,52,CTRL,89
4,54,DUAL1,41
4,54,DUAL2,20
4,56,CTRL,90
4,58,CTRL,91
4,60,DUAL1,45
4,60,DUAL2,30
4,62,CTRL,92
5,0,CTRL,93
5,2,CTRL,94
5,4,CTRL,95
5,6,CTRL,96
5,10,CTRL,98
5,12,CTRL,99
5,14,CTRL,100
5,16,CTRL,101
5,18,DUAL1,40
5,18,DUAL2,14
5,20,DUAL1,1
5,20,DUAL2,33
5,22,CTRL,102
5,24,CTRL,103
5,26,CTRL,104
5,28,DUAL1,3
5,28,DUAL2,47
5,30,CTRL,105
5,32,CTRL,106
5,34,CTRL,107
5,36,CTRL,108
5,38,CTRL,109
5,40,CTRL,110
5,42,CTRL,111
5,44,CTRL,112
5,46,DUAL1,49
5,46,DUAL2,22
5,48,CTRL,113
5,50,DUAL1,31
5,50,DUAL2,16
5,52,CTRL,114
5,54,CTRL,115
5,56,CTRL,116
5,58,CTRL,117
5,60,CTRL,118
5,62,CTRL,119
6,0,CTRL,120
6,2,CTRL,121
6,4,CTRL,122
6,6,CTRL,123
6,8,CTRL,124
6,10,CTRL,125
6,12,CTRL,126
6,14,DUAL1,31
6,14,DUAL2,4
6,16,DUAL1,41
6,16,DUAL2,10
6,20,CTRL,128
6,22,CTRL,129
6,24,DUAL1,40
6,24,DUAL2,35
6,26,DUAL1,11
6,26,DUAL2,30
6,28,CTRL,130
6,30,DUAL1,15
6,30,DUAL2,49
6,32,CTRL,131
6,34,DUAL1,6
6,34,DUAL2,44
6,36,DUAL1,19
6,36,DUAL2,12
6,38,CTRL,132
6,40,CTRL,133
6,42,CTRL,134
6,44,DUAL1,26
6,44,DUAL2,15
6,46,CTRL,135
6,48,CTRL,136
6,50,CTRL,137
6,52,CTRL,138
6,54,DUAL1,6
6,54,DUAL2,2
6,56,CTRL,139
6,58,DUAL1,43
6,58,DUAL2,22
6,60,CTRL,140
6,62,DUAL1,43
6,62,DUAL2,6
7,0,DUAL1,8
7,0,DUAL2,11
7,4,CTRL,142
7,6,CTRL,143
7,8,DUAL1,19
7,8,DUAL2,17
7,10,CTRL,144
7,12,CTRL,145
7,14,CTRL,146
7,16,CTRL,147
7,18,CTRL,148
7,22,CTRL,150
7,24,CTRL,151
7,26,DUAL1,34
7,26,DUAL2,30
7,28,CTRL,152
7,30,CTRL,153
7,32,DUAL1,6
7,32,DUAL2,48
7,34,DUAL1,32
7,34,DUAL2,20
7,36,CTRL,154
7,38,CTRL,155
7,40,DUAL1,23
7,40,DUAL2,14
7,42,CTRL,156
7,44,CTRL,157
7,46,CTRL,158
7,48,DUAL1,39
7,48,DUAL2,36
7,50,CTRL,159
7,52,CTRL,160
7,58,DUAL1,44
7,58,DUAL2,33
7,60,DUAL1,22
7,60,DUAL2,32
7,62,CTRL,163
8,0,CTRL,164
8,2,CTRL,165
8,4,CTRL,166
8,6,CTRL,167
8,8,CTRL,168
8,10,CTRL,169
8,12,CTRL,170
8,14,CTRL,171
8,16,CTRL,172
8,18,DUAL1,4
8,18,DUAL2,46
8,20,CTRL,173
8,22,CTRL,174
8,24,CTRL,175
8,26,DUAL1,16
8,26,DUAL2,15
8,28,CTRL,176
8,30,DUAL1,4
8,30,DUAL2,18
8,32,CTRL,177
8,34,CTRL,178
8,36,CTRL,179
8,38,DUAL1,7
8,38,DUAL2,9
8,40,DUAL1,8
8,40,DUAL2,32
8,42,DUAL1,9
8,42,DUAL2,31
8,44,CTRL,180
8,46,CTRL,181
8,48,CTRL,182
8,50,DUAL1,8
8,50,DUAL2,28
8,52,CTRL,183
8,54,CTRL,184
8,56,DUAL1,44
8,56,DUAL2,23
8,58,CTRL,185
8,60,DUAL1,45
8,60,DUAL2,18
8,62,CTRL,186
9,0,DUAL1,6
9,0,DUAL2,34
9,2,DUAL1,19
9,2,DUAL2,49
9,4,CTRL,187
9,6,CTRL,188
9,8,CTRL,189
9,12,CTRL,191
9,14,CTRL,192
9,16,CTRL,193
9,18,CTRL,194
9,20,CTRL,195
9,22,DUAL1,18
9,22,DUAL2,40
9,24,DUAL1,46
9,24,DUAL2,39
9,26,DUAL1,49
9,26,DUAL2,49
9,28,CTRL,196
9,30,CTRL,197
9,32,CTRL,198
9,36,CTRL,200
9,38,DUAL1,20
9,38,DUAL2,8
9,40,CTRL,201
9,42,CTRL,202
9,44,CTRL,203
9,46,CTRL,204
9,48,DUAL1,39
9,48,DUAL2,44
9,50,CTRL,205
9,52,CTRL,206
9,54,DUAL1,1
9,54,DUAL2,32
9,56,CTRL,207
9,58,CTRL,208
9,60,DUAL1,33
9,60,DUAL2,22
9,62,CTRL,209
10,0,SINGLE,21
10,2,CTRL,210
10,4,CTRL,211
10,6,DUAL1,41
10,6,DUAL2,35
10,8,CTRL,212
10,10,CTRL,213
10,12,CTRL,214
10,14,CTRL,215
10,16,CTRL,216
10,20,CTRL,218
10,22,CTRL,219
10,24,CTRL,220
10,26,CTRL,221
10,28,DUAL1,34
10,28,DUAL2,24
10,30,CTRL,222
10,32,CTRL,223
10,34,CTRL,224
10,36,CTRL,225
10,38,CTRL,226
10,40,CTRL,227
10,42,CTRL,228
10,44,CTRL,229
10,46,CTRL,230
10,48,DUAL1,44
10,48,DUAL2,31
10,52,CTRL,232
10,56,DUAL1,42
10,56,DUAL2,16
10,58,DUAL1,34
10,58,DUAL2,33
10,60,CTRL,234
10,62,CTRL,235
11,0,SINGLE,12
11,2,DUAL1,24
11,2,DUAL2,22
11,4,CTRL,236
11,6,CTRL,237
11,8,CTRL,238
11,10,CTRL,239
11,12,CTRL,240
11,16,CTRL,242
11,18,DUAL1,44
11,18,DUAL2,27
11,20,DUAL1,27
11,20,DUAL2,16
11,22,CTRL,243
11,24,CTRL,244
11,26,CTRL,245
11,28,CTRL,246
11,30,CTRL,247
11,32,CTRL,248
11,34,CTRL,249
11,36,CTRL,250
11,38,CTRL,251
11,40,CTRL,252
11,42,DUAL1,38
11,42,DUAL2,12
11,44,CTRL,253
11,46,CTRL,254
11,48,DUAL1,28
11,48,DUAL2,6
11,50,CTRL,255
11,52,CTRL,0
11,54,CTRL,1
11,56,CTRL,2
11,58,CTRL,3
11,60,DUAL1,26
11,60,DUAL2,6
11,62,CTRL,4
12,0,CTRL,5
12,2,CTRL,6
12,4,CTRL,7
12,6,CTRL,8
12,8,CTRL,9
12,10,CTRL,10
12,12,CTRL,11
12,14,CTRL,12
12,16,DUAL1,8
12,16,DUAL2,24
12,18,CTRL,13
12,20,CTRL,14
12,22,DUAL1,40
12,22,DUAL2,20
12,24,DUAL1,32
12,24,DUAL2,34
12,26,CTRL,15
12,28,DUAL1,7
12,28,DUAL2,12
12,30,CTRL,16
12,32,CTRL,17
12,34,CTRL,18
12,36,CTRL,19
12,38,CTRL,20
12,40,DUAL1,12
12,40,DUAL2,49
12,42,CTRL,21
12,44,CTRL,22
12,46,DUAL1,2
12,46,DUAL2,21
12,48,CTRL,23
12,52,DUAL1,16
12,52,DUAL2,22
12,54,CTRL,25
12,56,CTRL,26
12,58,CTRL,27
12,60,CTRL,28
12,62,CTRL,29
13,0,CTRL,30
13,2,DUAL1,3
13,2,DUAL2,41
13,4,CTRL,31
13,6,CTRL,32
13,8,CTRL,33
13,10,DUAL1,23
13,10,DUAL2,10
13,12,CTRL,34
13,14,CTRL,35
13,16,CTRL,36
13,18,CTRL,37
13,20,CTRL,38
13,22,DUAL1,44
13,22,DUAL2,19
13,24,CTRL,39
13,26,CTRL,40
13,28,CTRL,41
13,30,CTRL,42
13,32,DUAL1,44
13,32,DUAL2,2
13,34,CTRL,43
13,36,CTRL,44
13,38,CTRL,45
13,40,DUAL1,12
13,40,DUAL2,21
13,44,DUAL1,9
13,44,DUAL2,33
13,46,CTRL,47
13,48,DUAL1,14
13,48,DUAL2,35
13,50,CTRL,48
13,52,CTRL,49
13,54,CTRL,50
13,56,CTRL,51
13,58,CTRL,52
13,60,CTRL,53
13,62,CTRL,54
14,2,CTRL,56
14,4,CTRL,57
14,8,DUAL1,20
14,8,DUAL2,7
14,12,DUAL1,37
14,12,DUAL2,25
14,14,CTRL,60
14,16,CTRL,61
14,18,CTRL,62
14,22,CTRL,64
14,24,CTRL,65
14,26,CTRL,66
14,28,CTRL,67
14,30,CTRL,68
14,32,CTRL,69
14,34,CTRL,70
14,36,DUAL1,31
14,36,DUAL2,9
14,38,CTRL,71
14,40,CTRL,72
14,42,CTRL,73
14,44,CTRL,74
14,46,CTRL,75
14,48,DUAL1,43
14,48,DUAL2,10
14,50,DUAL1,34
14,50,DUAL2,6
14,52,CTRL,76
14,54,DUAL1,14
14,54,DUAL2,26
14,56,CTRL,77
14,58,CTRL,78
14,62,CTRL,80
15,0,CTRL,81
15,2,CTRL,82
15,4,CTRL,83
15,6,CTRL,84
15,8,DUAL1,12
15,8,DUAL2,28
15,12,CTRL,86
15,14,CTRL,87
15,16,CTRL,88
15,18,CTRL,89
15,20,CTRL,90
15,22,CTRL,91
15,24,CTRL,92
15,26,CTRL,93
15,28,CTRL,94
15,30,CTRL,95
15,32,CTRL,96
15,34,CTRL,97
15,36,CTRL,98
15,38,CTRL,99
15,40,SINGLE,14
15,42,DUAL1,39
15,42,DUAL2,24
15,44,CTRL,100
15,46,CTRL,101
15,48,CTRL,102
15,50,DUAL1,30
15,50,DUAL2,20
15,52,DUAL1,7
15,52,DUAL2,41
15,54,DUAL1,13
15,54,DUAL2,34
15,56,CTRL,103
15,58,CTRL,104
15,62,CTRL,106
16,0,CTRL,107
16,2,CTRL,108
16,4,CTRL,109
16,6,CTRL,110
16,8,SINGLE,33
16,10,CTRL,111
16,12,CTRL,112
16,14,CTRL,113
16,16,CTRL,114
16,18,CTRL,115
16,20,CTRL,116
16,22,CTRL,117
16,26,CTRL,119
16,28,CTRL,120
16,30,CTRL,121
16,32,DUAL1,46
16,32,DUAL2,1
16,34,CTRL,122
16,36,CTRL,123
16,38,CTRL,124
16,40,CTRL,125
16,42,DUAL1,14
16,42,DUAL2,21
16,44,CTRL,126
16,46,CTRL,127
16,48,CTRL,128
16,50,CTRL,129
16,52,CTRL,130
16,54,CTRL,131
16,56,CTRL,132
16,58,CTRL,133
16,60,CTRL,134
16,62,CTRL,135
17,0,CTRL,136
17,2,CTRL,137
17,4,CTRL,138
17,6,CTRL,139
17,8,CTRL,140
17,10,CTRL,141
17,12,CTRL,142
17,14,CTRL,143
17,16,CTRL,144
17,18,CTRL,145
17,20,CTRL,146
17,22,CTRL,147
17,24,CTRL,148
17,26,CTRL,149
17,28,CTRL,150
17,30,CTRL,151
17,32,CTRL,152
17,34,CTRL,153
17,36,DUAL1,30
17,36,DUAL2,34
17,38,CTRL,154
17,40,CTRL,155
17,42,DUAL1,33
17,42,DUAL2,7
17,44,DUAL1,41
17,44,DUAL2,42
17,46,DUAL1,3
17,46,DUAL2,2
17,48,DUAL1,19
17,48,DUAL2,10
17,50,DUAL1,22
17,50,DUAL2,31
17,52,DUAL1,9
17,52,DUAL2,10
17,54,CTRL,156
17,56,CTRL,157
17,58,CTRL,158
17,60,DUAL1,25
17,60,DUAL2,18
17,62,DUAL1,20
17,62,DUAL2,45
18,4,CTRL,161
18,6,CTRL,162
18,8,CTRL,163
18,10,CTRL,164
18,12,CTRL,165
18,14,DUAL1,48
18,14,DUAL2,23
18,16,CTRL,166
18,20,CTRL,168
18,22,CTRL,169
18,24,CTRL,170
18,30,DUAL1,13
18,30,DUAL2,40
18,32,CTRL,173
18,34,CTRL,174
18,36,CTRL,175
18,38,CTRL,176
18,40,CTRL,177
18,42,CTRL,178
18,44,CTRL,179
18,46,CTRL,180
18,48,CTRL,181
18,50,CTRL,182
18,52,CTRL,183
18,56,CTRL,185
18,58,CTRL,186
18,60,CTRL,187
18,62,CTRL,188
19,0,CTRL,189
19,2,CTRL,190
19,4,CTRL,191
19,6,DUAL1,16
19,6,DUAL2,34
19,8,CTRL,192
19,10,CTRL,193
19,12,CTRL,194
19,14,CTRL,195
19,16,CTRL,196
19,18,CTRL,197
19,20,CTRL,198
19,24,CTRL,200
19,26,DUAL1,28
19,26,DUAL2,39
19,28,CTRL,201
19,30,CTRL,202
19,32,CTRL,203
19,34,CTRL,204
19,36,CTRL,205
19,38,CTRL,206
19,40,CTRL,207
19,42,CTRL,208
19,44,CTRL,209
19,46,CTRL,210
19,48,CTRL,211
19,50,DUAL1,33
19,50,DUAL2,28
19,52,CTRL,212
19,54,CTRL,213
19,56,CTRL,214
19,58,DUAL1,3
19,58,DUAL2,49
19,60,CTRL,215
19,62,CTRL,216
20,0,CTRL,217
20,2,CTRL,218
20,4,CTRL,219
20,6,CTRL,220
20,8,DUAL1,31
20,8,DUAL2,25
20,10,CTRL,221
20,12,CTRL,222
20,14,CTRL,223
20,16,CTRL,224
20,18,CTRL,225
20,20,CTRL,226
20,22,CTRL,227
20,26,CTRL,229
20,30,CTRL,231
20,32,CTRL,232
20,34,CTRL,233
20,36,CTRL,234
20,38,CTRL,235
20,40,CTRL,236
20,42,CTRL,237
20,44,CTRL,238
20,46,CTRL,239
20,48,CTRL,240
20,50,CTRL,241
20,52,CTRL,242
20,54,CTRL,243
20,58,CTRL,245
20,60,DUAL1,32
20,60,DUAL2,16
20,62,CTRL,246
21,0,CTRL,247
21,2,CTRL,248
21,4,CTRL,249
21,6,CTRL,250
21,8,CTRL,251
21,10,CTRL,252
21,12,CTRL,253
21,14,CTRL,254
21,16,CTRL,255
21,18,CTRL,0
21,20,CTRL,1
21,22,CTRL,2
21,24,DUAL1,46
21,24,DUAL2,25
21,26,CTRL,3
21,28,CTRL,4
21,30,CTRL,5
21,32,CTRL,6
21,34,CTRL,7
21,36,CTRL,8
21,38,DUAL1,49
21,38,DUAL2,21
21,40,CTRL,9
21,42,SINGLE,2
21,44,CTRL,10
21,46,CTRL,11
21,48,CTRL,12
21,50,CTRL,13
21,52,CTRL,14
21,54,CTRL,15
21,56,CTRL,16
21,58,CTRL,17
21,60,CTRL,18
21,62,CTRL,19
22,0,CTRL,20
22,2,CTRL,21
22,4,DUAL1,27
22,4,DUAL2,13
22,6,DUAL1,43
22,6,DUAL2,26
22,8,CTRL,22
22,10,CTRL,23
22,12,CTRL,24
22,14,CTRL,25
22,16,CTRL,26
22,18,DUAL1,33
22,18,DUAL2,34
22,20,CTRL,27
22,22,CTRL,28
22,24,CTRL,29
22,26,CTRL,30
22,28,CTRL,31
22,30,CTRL,32
22,32,CTRL,33
22,34,CTRL,34
22,36,CTRL,35
22,38,CTRL,36
22,40,CTRL,37
22,42,CTRL,38
22,44,CTRL,39
22,46,CTRL,40
22,48,CTRL,41
22,50,CTRL,42
22,52,CTRL,43
22,54,CTRL,44
22,56,CTRL,45
22,58,CTRL,46
22,60,CTRL,47
22,62,CTRL,48
23,0,CTRL,49
23,2,CTRL,50
23,4,DUAL1,7
23,4,DUAL2,46
23,6,CTRL,51
23,8,DUAL1,3
23,8,DUAL2,20
23,10,CTRL,52
23,12,DUAL1,22
23,12,DUAL2,8
23,14,CTRL,53
23,16,CTRL,54
23,18,CTRL,55
23,20,CTRL,56
23,22,DUAL1,10
23,22,DUAL2,43
23,24,CTRL,57
23,26,CTRL,58
23,28,CTRL,59
23,30,CTRL,60
23,32,CTRL,61
23,34,CTRL,62
23,36,CTRL,63
23,38,CTRL,64
23,40,CTRL,65
23,42,CTRL,66
23,44,CTRL,67
23,46,CTRL,68
23,48,CTRL,69
23,50,CTRL,70
23,52,CTRL,71
23,54,CTRL,72
23,56,DUAL1,38
23,56,DUAL2,47
23,60,CTRL,74
23,62,CTRL,75
24,0,CTRL,76
24,2,CTRL,77
24,4,CTRL,78
24,10,DUAL1,16
24,10,DUAL2,18
24,12,CTRL,81
24,14,CTRL,82
24,16,CTRL,83
24,18,CTRL,84
24,20,CTRL,85
24,22,CTRL,86
24,24,CTRL,87
24,26,DUAL1,35
24,26,DUAL2,16
24,28,CTRL,88
24,30,DUAL1,1
24,30,DUAL2,47
24,32,CTRL,89
24,34,CTRL,90
24,36,CTRL,91
24,38,CTRL,92
24,40,DUAL1,37
24,40,DUAL2,34
24,42,CTRL,93
24,44,DUAL1,47
24,44,DUAL2,9
24,46,CTRL,94
24,48,CTRL,95
24,50,CTRL,96
24,52,CTRL,97
24,54,CTRL,98
24,56,DUAL1,23
24,56,DUAL2,24
24,58,CTRL,99
24,60,CTRL,100
24,62,CTRL,101
25,0,CTRL,102
25,2,CTRL,103
25,4,DUAL1,31
25,4,DUAL2,49
25,6,CTRL,104
25,8,CTRL,105
25,10,DUAL1,19
25,10,DUAL2,7
25,12,CTRL,106
25,14,CTRL,107
25,16,DUAL1,4
25,16,DUAL2,18
25,18,DUAL1,18
25,18,DUAL2,32
25,20,CTRL,108
25,22,CTRL,109
25,24,CTRL,110
25,26,DUAL1,15
25,26,DUAL2,9
25,28,CTRL,111
25,30,CTRL,112
25,32,CTRL,113
25,34,DUAL1,45
25,34,DUAL2,25
25,36,CTRL,114
25,38,CTRL,115
25,42,DUAL1,47
25,42,DUAL2,17
25,44,CTRL,117
25,46,CTRL,118
25,48,CTRL,119
25,50,CTRL,120
25,52,DUAL1,49
25,52,DUAL2,12
25,54,CTRL,121
25,56,CTRL,122
25,58,CTRL,123
25,60,CTRL,124
25,62,CTRL,125
26,0,CTRL,126
26,2,CTRL,127
26,4,CTRL,128
26,6,CTRL,129
26,8,CTRL,130
26,10,CTRL,131
26,12,CTRL,132
26,14,CTRL,133
26,16,CTRL,134
26,18,CTRL,135
26,20,CTRL,136
26,22,CTRL,137
26,24,CTRL,138
26,26,CTRL,139
26,28,CTRL,140
26,30,CTRL,141
26,32,DUAL1,5
26,32,DUAL2,20
26,34,CTRL,142
26,36,CTRL,143
26,38,CTRL,144
26,40,CTRL,145
26,42,DUAL1,26
26,42,DUAL2,8
26,46,DUAL1,29
26,46,DUAL2,49
26,48,DUAL1,18
26,48,DUAL2,48
26,50,CTRL,147
26,52,CTRL,148
26,54,CTRL,149
26,56,DUAL1,20
26,56,DUAL2,35
26,58,CTRL,150
26,60,CTRL,151
26,62,CTRL,152
27,0,DUAL1,24
27,0,DUAL2,6
27,2,CTRL,153
27,4,CTRL,154
27,6,CTRL,155
27,8,CTRL,156
27,10,CTRL,157
27,12,CTRL,158
27,14,CTRL,159
27,16,CTRL,160
27,18,CTRL,161
27,20,CTRL,162
27,22,CTRL,163
27,24,CTRL,164
27,26,CTRL,165
27,28,CTRL,166
27,30,CTRL,167
27,32,CTRL,168
27,34,CTRL,169
27,36,CTRL,170
27,38,CTRL,171
27,40,CTRL,172
27,42,DUAL1,31
27,42,DUAL2,26
27,44,CTRL,173
27,46,DUAL1,14
27,46,DUAL2,27
27,48,CTRL,174
27,50,DUAL1,45
27,50,DUAL2,27
27,52,DUAL1,26
27,52,DUAL2,1
27,54,CTRL,175
27,56,DUAL1,17
27,56,DUAL2,45
27,58,CTRL,176
27,60,DUAL1,18
27,60,DUAL2,28
27,62,CTRL,177
28,0,CTRL,178
28,2,CTRL,179
28,4,CTRL,180
28,6,DUAL1,9
28,6,DUAL2,11
28,8,CTRL,181
28,10,DUAL1,31
28,10,DUAL2,33
28,12,CTRL,182
28,14,DUAL1,33
28,14,DUAL2,18
28,16,CTRL,183
28,18,DUAL1,26
28,18,DUAL2,41
28,20,CTRL,184
28,22,CTRL,185
28,24,CTRL,186
28,26,CTRL,187
28,28,CTRL,188
28,30,CTRL,189
28,32,CTRL,190
28,34,DUAL1,24
28,34,DUAL2,35
28,36,CTRL,191
28,38,CTRL,192
28,40,CTRL,193
28,42,CTRL,194
28,44,CTRL,195
28,46,CTRL,196
28,48,CTRL,197
28,50,CTRL,198
28,52,CTRL,199
28,54,CTRL,200
28,56,CTRL,201
28,58,DUAL1,13
28,58,DUAL2,19
28,60,CTRL,202
28,62,CTRL,203
29,0,CTRL,204
29,2,CTRL,205
29,4,DUAL1,37
29,4,DUAL2,26
29,6,CTRL,206
29,8,CTRL,207
29,10,DUAL1,19
29,10,DUAL2,6
29,12,DUAL1,32
29,12,DUAL2,39
29,14,CTRL,208
29,16,DUAL1,25
29,16,DUAL2,30
29,18,CTRL,209
29,20,CTRL,210
29,22,CTRL,211
29,24,CTRL,212
29,26,DUAL1,49
29,26,DUAL2,43
29,28,CTRL,213
29,30,CTRL,214
29,32,CTRL,215
29,34,CTRL,216
29,36,DUAL1,2
29,36,DUAL2,23
29,38,CTRL,217
29,40,CTRL,218
29,42,CTRL,219
29,44,CTRL,220
29,46,DUAL1,49
29,46,DUAL2,36
29,48,CTRL,221
29,50,DUAL1,43
29,50,DUAL2,36
29,52,CTRL,222
29,54,CTRL,223
29,56,CTRL,224
29,58,CTRL,225
29,60,CTRL,226
29,62,CTRL,227
30,0,DUAL1,7
30,0,DUAL2,22
30,2,CTRL,228
30,4,CTRL,229
30,6,DUAL1,48
30,6,DUAL2,14
30,8,CTRL,230
30,10,CTRL,231
30,12,CTRL,232
30,14,CTRL,233
30,16,DUAL1,25
30,16,DUAL2,9
30,18,DUAL1,41
30,18,DUAL2,8
30,20,CTRL,234
30,22,CTRL,235
30,24,CTRL,236
30,26,CTRL,237
30,28,CTRL,238
30,30,DUAL1,12
30,30,DUAL2,35
30,32,CTRL,239
30,34,CTRL,240
30,36,DUAL1,22
30,36,DUAL2,41
30,38,CTRL,241
30,40,CTRL,242
30,42,CTRL,243
30,44,CTRL,244
30,46,DUAL1,20
30,46,DUAL2,19
30,48,CTRL,245
30,50,CTRL,246
30,52,CTRL,247
30,54,CTRL,248
30,56,CTRL,249
30,58,CTRL,250
30,60,CTRL,251
30,62,CTRL,252
31,0,CTRL,253
31,2,CTRL,254
31,4,CTRL,255
31,6,DUAL1,5
31,6,DUAL2,46
31,8,DUAL1,41
31,8,DUAL2,17
31,10,CTRL,0
31,12,CTRL,1
31,14,DUAL1,40
31,14,DUAL2,34
31,16,CTRL,2
31,18,DUAL1,27
31,18,DUAL2,13
31,20,CTRL,3
31,22,CTRL,4
31,24,CTRL,5
31,26,DUAL1,47
31,26,DUAL2,13
31,28,CTRL,6
31,30,CTRL,7
31,32,DUAL1,31
31,32,DUAL2,1
31,34,DUAL1,8
31,34,DUAL2,12
31,36,CTRL,8
31,38,CTRL,9
31,40,CTRL,10
31,44,CTRL,12
31,46,CTRL,13
31,48,CTRL,14
31,50,CTRL,15
31,52,CTRL,16
31,54,CTRL,17
31,56,CTRL,18
31,58,CTRL,19
31,60,CTRL,20
31,62,CTRL,21
32,0,CTRL,22
32,2,CTRL,23
32,4,CTRL,24
32,6,CTRL,25
32,8,CTRL,26
32,10,CTRL,27
32,12,CTRL,28
32,14,CTRL,29
32,16,CTRL,30
32,18,DUAL1,48
32,18,DUAL2,3
32,20,CTRL,31
32,24,CTRL,33
32,26,CTRL,34
32,28,CTRL,35
32,30,CTRL,36
32,32,CTRL,37
32,34,CTRL,38
32,36,CTRL,39
32,38,CTRL,40
32,40,CTRL,41
32,42,CTRL,42
32,44,CTRL,43
32,46,CTRL,44
32,48,CTRL,45
32,50,CTRL,46
32,52,CTRL,47
32,54,CTRL,48
32,56,CTRL,49
32,58,SINGLE,33
32,60,CTRL,50
32,62,CTRL,51
33,0,CTRL,52
33,2,CTRL,53
33,4,CTRL,54
33,6,CTRL,55
33,8,CTRL,56
33,10,CTRL,57
33,12,CTRL,58
33,14,CTRL,59
33,16,CTRL,60
33,18,CTRL,61
33,20,CTRL,62
33,22,CTRL,63
33,24,CTRL,64
33,26,CTRL,65
33,28,CTRL,66
33,30,CTRL,67
33,32,DUAL1,4
33,32,DUAL2,3
33,34,CTRL,68
33,36,SINGLE,44
33,38,CTRL,69
33,40,CTRL,70
33,42,DUAL1,49
33,42,DUAL2,21
33,44,DUAL1,23
33,44,DUAL2,39
33,46,DUAL1,5
33,46,DUAL2,39
33,48,CTRL,71
33,50,CTRL,72
33,52,CTRL,73
33,54,CTRL,74
33,56,CTRL,75
33,58,DUAL1,20
33,58,DUAL2,23
33,60,CTRL,76
33,62,CTRL,77
34,0,CTRL,78
34,2,DUAL1,15
34,2,DUAL2,40
34,4,DUAL1,28
34,4,DUAL2,44
34,6,CTRL,79
34,8,CTRL,80
34,10,CTRL,81
34,12,CTRL,82
34,14,CTRL,83
34,16,CTRL,84
34,18,CTRL,85
34,20,CTRL,86
34,22,CTRL,87
34,24,CTRL,88
34,26,CTRL,89
34,28,DUAL1,25
34,28,DUAL2,37
34,30,CTRL,90
34,32,CTRL,91
34,34,CTRL,92
34,36,CTRL,93
34,38,DUAL1,8
34,38,DUAL2,22
34,40,CTRL,94
34,42,DUAL1,42
34,42,DUAL2,16
34,44,CTRL,95
34,46,DUAL1,25
34,46,DUAL2,20
34,48,CTRL,96
34,50,CTRL,97
34,52,DUAL1,26
34,52,DUAL2,24
34,54,CTRL,98
34,56,CTRL,99
34,58,CTRL,100
34,60,CTRL,101
34,62,CTRL,102
35,0,CTRL,103
35,2,DUAL1,7
35,2,DUAL2,10
35,4,CTRL,104
35,6,CTRL,105
35,8,CTRL,106
35,10,CTRL,107
35,12,CTRL,108
35,14,CTRL,109
35,16,CTRL,110
35,18,CTRL,111
35,22,CTRL,113
35,24,DUAL1,29
35,24,DUAL2,14
35,26,CTRL,114
35,28,CTRL,115
35,30,CTRL,116
35,32,CTRL,117
35,34,CTRL,118
35,36,DUAL1,28
35,36,DUAL2,49
35,38,DUAL1,16
35,38,DUAL2,17
35,40,CTRL,119
35,42,CTRL,120
35,44,CTRL,121
35,46,CTRL,122
35,48,CTRL,123
35,50,CTRL,124
35,52,CTRL,125
35,54,CTRL,126
35,56,CTRL,127
35,58,CTRL,128
35,60,DUAL1,5
35,60,DUAL2,30
35,62,CTRL,129
36,2,CTRL,131
36,4,CTRL,132
36,8,CTRL,134
36,10,CTRL,135
36,12,CTRL,136
36,14,CTRL,137
36,16,CTRL,138
36,18,CTRL,139
36,22,DUAL1,5
36,22,DUAL2,8
36,24,CTRL,141
36,26,CTRL,142
36,28,DUAL1,2
36,28,DUAL2,18
36,30,CTRL,143
36,32,DUAL1,49
36,32,DUAL2,41
36,34,CTRL,144
36,36,CTRL,145
36,38,CTRL,146
36,40,DUAL1,45
36,40,DUAL2,4
36,42,DUAL1,2
36,42,DUAL2,40
36,44,CTRL,147
36,46,CTRL,148
36,48,CTRL,149
36,50,DUAL1,30
36,50,DUAL2,32
36,52,CTRL,150
36,54,CTRL,151
36,56,CTRL,152
36,58,DUAL1,48
36,58,DUAL2,29
36,60,CTRL,153
36,62,CTRL,154
37,0,CTRL,155
37,2,CTRL,156
37,4,CTRL,157
37,6,CTRL,158
37,8,CTRL,159
37,10,CTRL,160
37,12,CTRL,161
37,14,CTRL,162
37,16,CTRL,163
37,18,DUAL1,7
37,18,DUAL2,39
37,22,CTRL,165
37,24,CTRL,166
37,26,CTRL,167
37,28,CTRL,168
37,30,DUAL1,43
37,30,DUAL2,20
37,32,CTRL,169
37,34,CTRL,170
37,36,CTRL,171
37,38,CTRL,172
37,40,CTRL,173
37,42,CTRL,174
37,44,CTRL,175
37,46,CTRL,176
37,48,CTRL,177
37,50,CTRL,178
37,52,DUAL1,1
37,52,DUAL2,33
37,54,CTRL,179
37,56,CTRL,180
37,58,CTRL,181
37,60,DUAL1,3
37,60,DUAL2,48
37,62,CTRL,182
38,0,CTRL,183
38,2,CTRL,184
38,4,DUAL1,19
38,4,DUAL2,12
38,6,CTRL,185
38,8,DUAL1,21
38,8,DUAL2,1
38,12,DUAL1,22
38,12,DUAL2,15
38,14,DUAL1,15
38,14,DUAL2,34
38,18,CTRL,188
38,20,CTRL,189
38,22,CTRL,190
38,24,CTRL,191
38,26,DUAL1,19
38,26,DUAL2,2
38,28,CTRL,192
38,30,CTRL,193
38,32,CTRL,194
38,34,CTRL,195
38,38,CTRL,197
38,40,CTRL,198
38,42,CTRL,199
38,44,CTRL,200
38,46,DUAL1,20
38,46,DUAL2,39
38,48,CTRL,201
38,50,CTRL,202
38,52,CTRL,203
38,54,CTRL,204
38,56,DUAL1,27
38,56,DUAL2,11
38,58,DUAL1,9
38,58,DUAL2,30
38,60,CTRL,205
38,62,DUAL1,28
38,62,DUAL2,15
39,0,CTRL,206
39,2,CTRL,207
39,4,DUAL1,12
39,4,DUAL2,49
39,6,DUAL1,39
39,6,DUAL2,28
39,8,CTRL,208
39,10,CTRL,209
39,12,CTRL,210
39,14,CTRL,211
39,16,CTRL,212
39,18,CTRL,213
39,20,CTRL,214
39,24,CTRL,216
39,26,CTRL,217
39,30,CTRL,219
39,32,DUAL1,8
39,32,DUAL2,32
39,34,CTRL,220
39,36,CTRL,221
39,38,CTRL,222
39,40,DUAL1,39
39,40,DUAL2,15
39,42,CTRL,223
39,44,CTRL,224
39,46,CTRL,225
39,48,CTRL,226
39,50,CTRL,227
39,52,CTRL,228
39,54,CTRL,229
39,56,CTRL,230
39,58,DUAL1,1
39,58,DUAL2,21
39,60,CTRL,231
39,62,CTRL,232
40,0,CTRL,233
40,4,CTRL,235
40,6,CTRL,236
40,8,DUAL1,7
40,8,DUAL2,49
40,12,CTRL,238
40,14,CTRL,239
40,16,DUAL1,12
40,16,DUAL2,16
40,18,CTRL,240
40,20,CTRL,241
40,22,CTRL,242
40,24,CTRL,243
40,26,CTRL,244
40,28,DUAL1,29
40,28,DUAL2,18
40,30,CTRL,245
40,32,CTRL,246
40,34,CTRL,247
40,36,CTRL,248
40,38,CTRL,249
40,40,CTRL,250
40,42,CTRL,251
40,44,CTRL,252
40,46,DUAL1,16
40,46,DUAL2,18
40,48,CTRL,253
40,50,DUAL1,33
40,50,DUAL2,46
40,52,CTRL,254
40,54,CTRL,255
40,56,CTRL,0
40,58,CTRL,1
40,60,CTRL,2
40,62,DUAL1,49
40,62,DUAL2,6
41,0,CTRL,3
41,2,CTRL,4
41,4,SINGLE,41
41,6,DUAL1,39
41,6,DUAL2,24
41,8,CTRL,5
41,10,CTRL,6
41,12,CTRL,7
41,14,DUAL1,7
41,14,DUAL2,20
41,16,CTRL,8
41,18,CTRL,9
41,20,DUAL1,45
41,20,DUAL2,5
41,22,CTRL,10
41,24,CTRL,11
41,26,CTRL,12
41,28,DUAL1,33
41,28,DUAL2,17
41,30,CTRL,13
41,32,CTRL,14
41,34,CTRL,15
41,36,CTRL,16
41,38,CTRL,17
41,40,CTRL,18
41,42,CTRL,19
41,44,CTRL,20
41,46,CTRL,21
41,48,CTRL,22
41,50,CTRL,23
41,54,CTRL,25
41,56,DUAL1,37
41,56,DUAL2,43
41,58,CTRL,26
41,60,CTRL,27
41,62,CTRL,28
42,0,DUAL1,6
42,0,DUAL2,49
42,2,CTRL,29
42,4,CTRL,30
42,6,CTRL,31
42,8,CTRL,32
42,10,CTRL,33
42,12,CTRL,34
42,14,CTRL,35
42,16,CTRL,36
42,18,CTRL,37
42,20,CTRL,38
42,22,CTRL,39
42,24,CTRL,40
42,26,DUAL1,34
42,26,DUAL2,33
42,28,CTRL,41
42,30,CTRL,42
42,32,CTRL,43
42,34,CTRL,44
42,36,CTRL,45
42,38,DUAL1,41
42,38,DUAL2,35
42,40,CTRL,46
42,42,CTRL,47
42,44,CTRL,48
42,46,CTRL,49
42,48,CTRL,50
42,50,DUAL1,22
42,50,DUAL2,27
42,54,DUAL1,19
42,54,DUAL2,14
42,56,CTRL,52
42,58,CTRL,53
42,60,CTRL,54
42,62,CTRL,55
43,0,CTRL,56
43,2,CTRL,57
43,4,CTRL,58
43,8,CTRL,60
43,10,DUAL1,38
43,10,DUAL2,7
43,12,CTRL,61
43,14,CTRL,62
43,16,DUAL1,28
43,16,DUAL2,19
43,18,CTRL,63
43,20,CTRL,64
43,22,CTRL,65
43,24,DUAL1,47
43,24,DUAL2,42
43,26,CTRL,66
43,28,CTRL,67
43,30,CTRL,68
43,32,DUAL1,12
43,32,DUAL2,29
43,34,DUAL1,24
43,34,DUAL2,22
43,36,CTRL,69
43,38,CTRL,70
43,40,CTRL,71
43,42,CTRL,72
43,44,CTRL,73
43,46,CTRL,74
43,48,CTRL,75
43,50,DUAL1,33
43,50,DUAL2,26
43,52,DUAL1,25
43,52,DUAL2,16
43,54,CTRL,76
43,56,CTRL,77
43,58,CTRL,78
43,60,CTRL,79
43,62,DUAL1,27
43,62,DUAL2,49
44,0,CTRL,80
44,2,CTRL,81
44,4,DUAL1,19
44,4,DUAL2,21
44,6,CTRL,82
44,8,DUAL1,12
44,8,DUAL2,49
44,10,CTRL,83
44,12,CTRL,84
44,14,CTRL,85
44,16,CTRL,86
44,20,DUAL1,6
44,20,DUAL2,22
44,24,CTRL,89
44,26,CTRL,90
44,28,CTRL,91
44,30,CTRL,92
44,32,CTRL,93
44,34,DUAL1,4
44,34,DUAL2,25
44,36,CTRL,94
44,38,CTRL,95
44,40,DUAL1,20
44,40,DUAL2,12
44,42,CTRL,96
44,44,DUAL1,32
44,44,DUAL2,3
44,48,DUAL1,34
44,48,DUAL2,6
44,50,CTRL,98
44,52,CTRL,99
44,54,CTRL,100
44,56,CTRL,101
44,58,CTRL,102
44,60,DUAL1,34
44,60,DUAL2,19
44,62,CTRL,103
45,0,CTRL,104
45,2,CTRL,105
45,4,CTRL,106
45,6,CTRL,107
45,8,DUAL1,12
45,8,DUAL2,21
45,10,CTRL,108
45,12,CTRL,109
45,14,CTRL,110
45,16,DUAL1,14
45,16,DUAL2,35
45,18,CTRL,111
45,20,DUAL1,29
45,20,DUAL2,46
45,22,CTRL,112
45,24,DUAL1,6
45,24,DUAL2,33
45,26,DUAL1,21
45,26,DUAL2,29
45,28,CTRL,113
45,30,CTRL,114
45,32,CTRL,115
45,34,CTRL,116
45,38,CTRL,118
45,40,CTRL,119
45,42,CTRL,120
45,44,CTRL,121
45,46,CTRL,122
45,48,CTRL,123
45,50,CTRL,124
45,52,CTRL,125
45,54,DUAL1,13
45,54,DUAL2,19
45,56,CTRL,126
45,58,CTRL,127
45,60,CTRL,128
45,62,DUAL1,5
45,62,DUAL2,28
46,0,CTRL,129
46,2,CTRL,130
46,4,CTRL,131
46,6,CTRL,132
46,10,CTRL,134
46,12,DUAL1,26
46,12,DUAL2,17
46,14,CTRL,135
46,16,DUAL1,43
46,16,DUAL2,10
46,18,DUAL1,15
46,18,DUAL2,6
46,20,CTRL,136
46,22,CTRL,137
46,24,CTRL,138
46,26,DUAL1,5
46,26,DUAL2,7
46,28,CTRL,139
46,30,CTRL,140
46,32,CTRL,141
46,34,CTRL,142
46,36,CTRL,143
46,40,DUAL1,20
46,40,DUAL2,8
46,42,DUAL1,11
46,42,DUAL2,7
46,44,CTRL,145
46,46,CTRL,146
46,48,CTRL,147
46,50,CTRL,148
46,54,CTRL,150
46,56,SINGLE,47
46,58,DUAL1,2
46,58,DUAL2,5
46,60,CTRL,151
46,62,CTRL,152
47,0,DUAL1,21
47,0,DUAL2,35
47,2,CTRL,153
47,4,DUAL1,28
47,4,DUAL2,42
47,6,CTRL,154
47,8,SINGLE,14
47,10,DUAL1,39
47,10,DUAL2,24
47,12,CTRL,155
47,14,CTRL,156
47,16,CTRL,157
47,18,CTRL,158
47,20,DUAL1,11
47,20,DUAL2,41
47,22,DUAL1,31
47,22,DUAL2,37
47,24,CTRL,159
47,26,CTRL,160
47,30,CTRL,162
47,32,CTRL,163
47,34,CTRL,164
47,36,CTRL,165
47,38,CTRL,166
47,40,DUAL1,12
47,40,DUAL2,28
47,42,CTRL,167
47,44,DUAL1,44
47,44,DUAL2,22
47,46,CTRL,168
47,48,CTRL,169
47,50,CTRL,170
47,52,DUAL1,31
47,52,DUAL2,18
47,54,CTRL,171
47,56,CTRL,172
47,58,DUAL1,42
47,58,DUAL2,33
47,60,DUAL1,41
47,60,DUAL2,36
48,0,CTRL,174
48,2,CTRL,175
48,4,CTRL,176
48,6,CTRL,177
48,8,CTRL,178
48,10,DUAL1,14
48,10,DUAL2,17
48,14,DUAL1,18
48,14,DUAL2,10
48,16,CTRL,180
48,18,CTRL,181
48,20,DUAL1,4
48,20,DUAL2,35
48,22,CTRL,182
48,24,CTRL,183
48,26,CTRL,184
48,28,CTRL,185
48,30,CTRL,186
48,32,DUAL1,30
48,32,DUAL2,32
48,34,CTRL,187
48,36,CTRL,188
48,38,CTRL,189
48,40,SINGLE,33
48,42,CTRL,190
48,44,DUAL1,3
48,44,DUAL2,33
48,46,CTRL,191
48,48,CTRL,192
48,52,CTRL,194
48,54,CTRL,195
48,56,DUAL1,32
48,56,DUAL2,22
48,58,CTRL,196
48,60,CTRL,197
48,62,CTRL,198
49,0,CTRL,199
49,2,CTRL,200
49,4,DUAL1,30
49,4,DUAL2,34
49,6,CTRL,201
49,8,CTRL,202
49,10,CTRL,203
49,12,DUAL1,41
49,12,DUAL2,16
49,14,DUAL1,3
49,14,DUAL2,30
49,16,DUAL1,19
49,16,DUAL2,33
49,18,CTRL,204
49,20,DUAL1,9
49,20,DUAL2,10
49,22,CTRL,205
49,24,CTRL,206
49,26,CTRL,207
49,28,CTRL,208
49,30,CTRL,209
49,32,CTRL,210
49,34,CTRL,211
49,36,CTRL,212
49,38,CTRL,213
49,40,CTRL,214
49,42,CTRL,215
49,44,CTRL,216
49,46,CTRL,217
49,48,CTRL,218
49,50,CTRL,219
49,52,CTRL,220
49,54,CTRL,221
49,56,CTRL,222
49,58,CTRL,223
49,60,CTRL,224
49,62,CTRL,225
50,0,CTRL,226
50,2,CTRL,227
50,4,CTRL,228
50,8,CTRL,230
50,10,CTRL,231
50,12,CTRL,232
50,14,CTRL,233
50,16,CTRL,234
50,18,CTRL,235
50,20,CTRL,236
50,24,CTRL,238
50,26,CTRL,239
50,28,CTRL,240
50,30,DUAL1,37
50,30,DUAL2,35
50,32,CTRL,241
50,34,CTRL,242
50,36,CTRL,243
50,38,CTRL,244
50,40,CTRL,245
50,42,CTRL,246
50,44,CTRL,247
50,46,DUAL1,48
50,46,DUAL2,10
50,48,DUAL1,33
50,48,DUAL2,47
50,50,CTRL,248
50,52,DUAL1,48
50,52,DUAL2,38
50,54,CTRL,249
50,56,DUAL1,26
50,56,DUAL2,11
50,58,CTRL,250
50,60,CTRL,251
50,62,DUAL1,13
50,62,DUAL2,41
51,0,CTRL,252
51,2,CTRL,253
51,4,DUAL1,16
51,4,DUAL2,37
51,6,CTRL,254
51,8,CTRL,255
51,10,DUAL1,32
51,10,DUAL2,11
51,12,CTRL,0
51,14,CTRL,1
51,16,CTRL,2
51,18,DUAL1,8
51,18,DUAL2,28
51,20,CTRL,3
51,22,CTRL,4
51,24,CTRL,5
51,26,CTRL,6
51,28,CTRL,7
51,30,DUAL1,3
51,30,DUAL2,24
51,32,CTRL,8
51,34,CTRL,9
51,36,CTRL,10
51,38,DUAL1,16
51,38,DUAL2,20
51,40,DUAL1,8
51,40,DUAL2,21
51,42,CTRL,11
51,44,CTRL,12
51,46,CTRL,13
51,48,CTRL,14
51,50,CTRL,15
51,52,DUAL1,17
51,52,DUAL2,24
51,56,DUAL1,46
51,56,DUAL2,44
51,58,CTRL,17
51,60,CTRL,18
51,62,CTRL,19
52,0,CTRL,20
52,2,CTRL,21
52,4,CTRL,22
52,6,CTRL,23
52,8,CTRL,24
52,10,CTRL,25
52,12,CTRL,26
52,14,CTRL,27
52,16,CTRL,28
52,18,CTRL,29
52,20,DUAL1,40
52,20,DUAL2,27
52,22,CTRL,30
52,24,CTRL,31
52,26,CTRL,32
52,28,CTRL,33
52,30,CTRL,34
52,32,CTRL,35
52,34,CTRL,36
52,36,CTRL,37
52,38,CTRL,38
52,40,DUAL1,31
52,40,DUAL2,25
52,42,CTRL,39
52,46,CTRL,41
52,48,CTRL,42
52,50,CTRL,43
52,52,DUAL1,6
52,52,DUAL2,31
52,54,CTRL,44
52,56,CTRL,45
52,58,DUAL1,37
52,58,DUAL2,32
52,60,CTRL,46
52,62,CTRL,47
53,0,CTRL,48
53,2,CTRL,49
53,4,CTRL,50
53,6,CTRL,51
53,8,CTRL,52
53,10,SINGLE,2
53,12,CTRL,53
53,14,CTRL,54
53,16,DUAL1,15
53,16,DUAL2,37
53,18,CTRL,55
53,20,CTRL,56
53,22,CTRL,57
53,24,CTRL,58
53,26,CTRL,59
53,28,CTRL,60
53,30,CTRL,61
53,32,CTRL,62
53,34,CTRL,63
53,36,CTRL,64
53,38,CTRL,65
53,40,CTRL,66
53,42,CTRL,67
53,44,CTRL,68
53,46,CTRL,69
53,48,CTRL,70
53,50,CTRL,71
53,52,DUAL1,6
53,52,DUAL2,11
53,54,DUAL1,17
53,54,DUAL2,9
53,56,CTRL,72
53,58,CTRL,73
53,60,CTRL,74
53,62,CTRL,75
54,0,CTRL,76
54,2,CTRL,77
54,4,CTRL,78
54,6,CTRL,79
54,8,CTRL,80
54,10,CTRL,81
54,12,CTRL,82
54,14,CTRL,83
54,16,CTRL,84
54,18,CTRL,85
54,20,CTRL,86
54,22,CTRL,87
54,24,CTRL,88
54,26,CTRL,89
54,28,CTRL,90
54,30,CTRL,91
54,32,CTRL,92
54,34,CTRL,93
54,36,CTRL,94
54,38,DUAL1,43
54,38,DUAL2,26
54,40,CTRL,95
54,42,DUAL1,37
54,42,DUAL2,19
54,44,CTRL,96
54,46,CTRL,97
54,48,CTRL,98
54,50,DUAL1,33
54,50,DUAL2,4
54,54,CTRL,100
54,56,CTRL,101
54,60,CTRL,103
54,62,CTRL,104
55,0,CTRL,105
55,2,CTRL,106
55,4,CTRL,107
55,6,CTRL,108
55,8,CTRL,109
55,10,CTRL,110
55,14,CTRL,112
55,16,SINGLE,7
55,18,DUAL1,9
55,18,DUAL2,40
55,20,DUAL1,30
55,20,DUAL2,3
55,22,CTRL,113
55,24,CTRL,114
55,26,CTRL,115
55,28,CTRL,116
55,30,CTRL,117
55,32,CTRL,118
55,34,CTRL,119
55,36,DUAL1,7
55,36,DUAL2,41
55,38,CTRL,120
55,40,DUAL1,43
55,40,DUAL2,20
55,42,CTRL,121
55,44,CTRL,122
55,46,CTRL,123
55,48,CTRL,124
55,50,CTRL,125
55,52,CTRL,126
55,54,SINGLE,7
55,56,CTRL,127
55,58,CTRL,128
55,60,CTRL,129
55,62,CTRL,130
56,0,CTRL,131
56,2,CTRL,132
56,4,CTRL,133
56,6,CTRL,134
56,10,CTRL,136
56,12,DUAL1,47
56,12,DUAL2,9
56,14,CTRL,137
56,16,CTRL,138
56,18,CTRL,139
56,20,CTRL,140
56,22,CTRL,141
56,24,DUAL1,23
56,24,DUAL2,45
56,26,CTRL,142
56,28,CTRL,143
56,30,CTRL,144
56,32,CTRL,145
56,34,CTRL,146
56,36,CTRL,147
56,38,CTRL,148
56,40,CTRL,149
56,42,DUAL1,16
56,42,DUAL2,31
56,44,CTRL,150
56,46,CTRL,151
56,48,CTRL,152
56,50,CTRL,153
56,52,CTRL,154
56,54,CTRL,155
56,56,CTRL,156
56,58,CTRL,157
56,62,CTRL,159
57,0,CTRL,160
57,2,DUAL1,22
57,2,DUAL2,38
57,4,CTRL,161
57,6,CTRL,162
57,8,DUAL1,10
57,8,DUAL2,22
57,10,SINGLE,41
57,12,CTRL,163
57,14,CTRL,164
57,16,DUAL1,7
57,16,DUAL2,44
57,18,CTRL,165
57,20,DUAL1,49
57,20,DUAL2,11
57,22,CTRL,166
57,24,CTRL,167
57,26,CTRL,168
57,28,CTRL,169
57,30,CTRL,170
57,32,CTRL,171
57,34,CTRL,172
57,36,DUAL1,31
57,36,DUAL2,49
57,38,CTRL,173
57,40,CTRL,174
57,42,DUAL1,19
57,42,DUAL2,38
57,44,CTRL,175
57,46,CTRL,176
57,48,DUAL1,44
57,48,DUAL2,18
57,50,CTRL,177
57,52,CTRL,178
57,54,CTRL,179
57,56,CTRL,180
57,58,SINGLE,8
57,60,CTRL,181
57,62,CTRL,182
58,0,DUAL1,35
58,0,DUAL2,20
58,2,CTRL,183
58,4,CTRL,184
58,6,CTRL,185
58,8,CTRL,186
58,10,DUAL1,26
58,10,DUAL2,8
58,12,DUAL1,39
58,12,DUAL2,4
58,14,DUAL1,29
58,14,DUAL2,44
58,16,CTRL,187
58,18,CTRL,188
58,20,CTRL,189
58,22,CTRL,190
58,24,CTRL,191
58,26,CTRL,192
58,28,CTRL,193
58,30,CTRL,194
58,32,CTRL,195
58,34,CTRL,196
58,36,CTRL,197
58,38,CTRL,198
58,40,CTRL,199
58,42,CTRL,200
58,44,CTRL,201
58,46,CTRL,202
58,48,CTRL,203
58,50,CTRL,204
58,52,CTRL,205
58,54,CTRL,206
58,56,CTRL,207
58,58,CTRL,208
58,60,CTRL,209
58,62,CTRL,210
59,0,CTRL,211
59,2,CTRL,212
59,4,CTRL,213
59,6,CTRL,214
59,8,DUAL1,18
59,8,DUAL2,12
59,10,CTRL,215
59,12,CTRL,216
59,16,CTRL,218
59,18,CTRL,219
59,20,DUAL1,44
59,20,DUAL2,7
59,22,CTRL,220
59,24,DUAL1,4
59,24,DUAL2,46
59,26,CTRL,221
59,28,CTRL,222
59,30,CTRL,223
59,32,CTRL,224
59,34,DUAL1,30
59,34,DUAL2,21
59,36,DUAL1,39
59,36,DUAL2,13
59,38,CTRL,225
59,40,CTRL,226
59,42,CTRL,227
59,46,CTRL,229
59,48,CTRL,230
59,50,CTRL,231
59,52,CTRL,232
59,54,CTRL,233
59,56,DUAL1,46
59,56,DUAL2,35
59,58,CTRL,234
59,60,CTRL,235
59,62,CTRL,236
60,0,CTRL,237
60,2,DUAL1,24
60,2,DUAL2,35
60,4,CTRL,238
60,6,CTRL,239
60,8,CTRL,240
60,10,CTRL,241
60,12,CTRL,242
60,14,CTRL,243
60,16,CTRL,244
60,18,CTRL,245
60,20,CTRL,246
60,22,CTRL,247
60,24,CTRL,248
60,26,DUAL1,13
60,26,DUAL2,19
60,28,DUAL1,26
60,28,DUAL2,32
60,30,CTRL,249
60,32,DUAL1,15
60,32,DUAL2,39
60,34,CTRL,250
60,36,CTRL,251
60,38,DUAL1,9
60,38,DUAL2,49
60,40,CTRL,252
60,42,CTRL,253
60,44,CTRL,254
60,46,CTRL,255
60,48,CTRL,0
60,50,DUAL1,46
60,50,DUAL2,41
60,52,CTRL,1
60,54,CTRL,2
60,56,CTRL,3
60,58,CTRL,4
60,60,CTRL,5
60,62,CTRL,6
61,0,DUAL1,32
61,0,DUAL2,18
61,2,CTRL,7
61,4,DUAL1,29
61,4,DUAL2,23
61,6,CTRL,8
61,8,CTRL,9
61,10,CTRL,10
61,12,CTRL,11
61,14,DUAL1,28
61,14,DUAL2,36
61,16,CTRL,12
61,18,DUAL1,43
61,18,DUAL2,36
61,20,CTRL,13
61,22,CTRL,14
61,24,CTRL,15
61,26,CTRL,16
61,28,CTRL,17
61,30,CTRL,18
61,32,CTRL,19
61,34,CTRL,20
61,36,CTRL,21
61,38,DUAL1,15
61,38,DUAL2,27
61,40,CTRL,22
61,44,DUAL1,32
61,44,DUAL2,46
61,46,CTRL,24
61,48,DUAL1,25
61,48,DUAL2,44
61,50,CTRL,25
61,52,CTRL,26
61,54,CTRL,27
61,56,DUAL1,10
61,56,DUAL2,17
61,58,CTRL,28
61,60,CTRL,29
62,2,CTRL,32
62,4,DUAL1,4
62,4,DUAL2,41
62,6,CTRL,33
62,8,CTRL,34
62,10,CTRL,35
62,12,CTRL,36
62,14,CTRL,37
62,16,CTRL,38
62,18,CTRL,39
62,20,CTRL,40
62,22,CTRL,41
62,24,CTRL,42
62,26,CTRL,43
62,28,CTRL,44
62,30,DUAL1,3
62,30,DUAL2,34
62,32,DUAL1,7
62,32,DUAL2,19
62,34,CTRL,45
62,36,CTRL,46
62,38,CTRL,47
62,40,CTRL,48
62,42,CTRL,49
62,44,DUAL1,19
62,44,DUAL2,16
62,46,CTRL,50
62,48,DUAL1,25
62,48,DUAL2,7
62,50,CTRL,51
62,52,CTRL,52
62,54,CTRL,53
62,56,CTRL,54
62,58,CTRL,55
62,60,CTRL,56
62,62,CTRL,57
63,0,DUAL1,7
63,0,DUAL2,11
63,2,DUAL1,8
63,2,DUAL2,7
63,4,DUAL1,6
63,4,DUAL2,49
63,6,CTRL,58
63,8,CTRL,59
63,10,DUAL1,42
63,10,DUAL2,48
63,12,CTRL,60
63,14,CTRL,61
63,16,CTRL,62
63,18,CTRL,63
63,20,CTRL,64
63,22,CTRL,65
63,24,CTRL,66
63,26,CTRL,67
63,28,CTRL,68
63,30,CTRL,69
63,32,CTRL,70
63,34,CTRL,71
63,36,CTRL,72
63,38,CTRL,73
63,40,CTRL,74
63,42,CTRL,75
63,44,CTRL,76
63,46,DUAL1,40
63,46,DUAL2,27
63,48,DUAL1,6
63,48,DUAL2,26
63,50,DUAL1,40
63,50,DUAL2,13
63,52,DUAL1,48
63,52,DUAL2,3
63,54,CTRL,77
63,56,DUAL1,32
63,56,DUAL2,10
63,58,CTRL,78
63,60,CTRL,79
63,62,CTRL,80
