pass,offset,value
0,0,23
0,1,43
0,2,7
0,3,31
0,4,7
0,5,7
0,6,155
0,7,55
0,8,23
0,9,203
0,10,23
0,11,23
0,12,7
0,13,11
0,14,7
0,15,31
0,16,31
0,17,7
0,18,23
0,19,59
0,20,155
0,21,23
0,22,155
0,23,23
0,24,7
0,25,11
0,26,7
0,27,7
0,28,31
0,29,7
0,30,7
0,31,7
0,32,155
0,33,15
0,34,55
0,35,243
0,36,23
0,37,7
0,38,11
0,39,7
0,40,31
0,41,59
0,42,55
0,43,7
0,44,59
0,45,15
0,46,23
0,47,203
0,48,23
0,49,23
0,50,23
0,51,43
0,52,7
0,53,31
0,54,7
0,55,7
0,56,155
0,57,55
0,58,23
0,59,203
0,60,23
0,61,23
0,62,7
0,63,11
1,0,23
1,1,23
1,2,43
1,3,7
1,4,7
1,5,7
1,6,7
1,7,23
1,8,155
1,9,23
1,10,7
1,11,7
1,12,39
1,13,243
1,14,27
1,15,55
1,16,55
1,17,27
1,18,23
1,19,23
1,20,59
1,21,23
1,22,23
1,23,155
1,24,7
1,25,7
1,26,23
1,27,43
1,28,7
1,29,7
1,30,7
1,31,31
1,32,31
1,33,155
1,34,7
1,35,7
1,36,7
1,37,23
1,38,23
1,39,43
1,40,7
1,41,55
1,42,7
1,43,55
1,44,7
1,45,55
1,46,23
1,47,23
1,48,23
1,49,23
1,50,23
1,51,23
1,52,43
1,53,7
1,54,7
1,55,7
1,56,7
1,57,23
1,58,155
1,59,23
1,60,7
1,61,7
1,62,39
1,63,243
2,0,7
2,1,7
2,2,7
2,3,31
2,4,31
2,5,7
2,6,7
2,7,7
2,8,23
2,9,23
2,10,23
2,11,23
2,12,31
2,13,7
2,14,23
2,15,23
2,16,31
2,17,43
2,18,59
2,19,59
2,20,23
2,21,23
2,22,55
2,23,63
2,24,7
2,25,7
2,26,7
2,27,7
2,28,31
2,29,15
2,30,7
2,31,7
2,32,23
2,33,7
2,34,15
2,35,63
2,36,23
2,37,7
2,38,7
2,39,7
2,40,55
2,41,31
2,42,7
2,43,55
2,44,55
2,45,7
2,46,55
2,47,63
2,48,55
2,49,55
2,50,7
2,51,7
2,52,7
2,53,55
2,54,31
2,55,7
2,56,7
2,57,7
2,58,23
2,59,23
2,60,23
2,61,23
2,62,23
2,63,23
3,0,23
3,1,7
3,2,23
3,3,31
3,4,7
3,5,31
3,6,23
3,7,23
3,8,23
3,9,23
3,10,23
3,11,23
3,12,23
3,13,23
3,14,39
3,15,7
3,16,55
3,17,31
3,18,23
3,19,23
3,20,59
3,21,155
3,22,23
3,23,55
3,24,55
3,25,55
3,26,23
3,27,23
3,28,15
3,29,31
3,30,7
3,31,23
3,32,23
3,33,7
3,34,15
3,35,63
3,36,7
3,37,55
3,38,7
3,39,7
3,40,7
3,41,31
3,42,55
3,43,7
3,44,59
3,45,59
3,46,55
3,47,55
3,48,23
3,49,55
3,50,7
3,51,23
3,52,23
3,53,55
3,54,7
3,55,31
3,56,23
3,57,23
3,58,23
3,59,23
3,60,23
3,61,23
3,62,23
3,63,23
4,0,31
4,1,23
4,2,63
4,3,55
4,4,31
4,5,31
4,6,7
4,7,31
4,8,15
4,9,127
4,10,31
4,11,55
4,12,23
4,13,23
4,14,15
4,15,63
4,16,31
4,17,31
4,18,23
4,19,23
4,20,15
4,21,127
4,22,15
4,23,223
4,24,7
4,25,23
4,26,15
4,27,127
4,28,7
4,29,15
4,30,31
4,31,31
4,32,7
4,33,63
4,34,63
4,35,15
4,36,15
4,37,15
4,38,31
4,39,31
4,40,31
4,41,55
4,42,31
4,43,31
4,44,55
4,45,55
4,46,15
4,47,127
4,48,31
4,49,55
4,50,55
4,51,55
4,52,63
4,53,55
4,54,31
4,55,31
4,56,7
4,57,31
4,58,15
4,59,127
4,60,31
4,61,55
4,62,23
4,63,23
5,0,15
5,1,59
5,2,55
5,3,63
5,4,27
5,5,15
5,6,23
5,7,23
5,8,7
5,9,31
5,10,23
5,11,55
5,12,7
5,13,23
5,14,15
5,15,15
5,16,23
5,17,55
5,18,59
5,19,15
5,20,23
5,21,15
5,22,15
5,23,127
5,24,7
5,25,23
5,26,15
5,27,15
5,28,127
5,29,31
5,30,15
5,31,7
5,32,7
5,33,7
5,34,15
5,35,15
5,36,55
5,37,55
5,38,55
5,39,7
5,40,31
5,41,31
5,42,55
5,43,55
5,44,55
5,45,55
5,46,55
5,47,15
5,48,23
5,49,55
5,50,55
5,51,7
5,52,55
5,53,63
5,54,27
5,55,15
5,56,23
5,57,23
5,58,7
5,59,31
5,60,23
5,61,55
5,62,7
5,63,23
6,0,53
6,1,23
6,2,55
6,3,55
6,4,27
6,5,15
6,6,23
6,7,23
6,8,15
6,9,3
6,10,3
6,11,39
6,12,15
6,13,23
6,14,31
6,15,7
6,16,23
6,17,31
6,18,23
6,19,23
6,20,15
6,21,35
6,22,179
6,23,39
6,24,23
6,25,7
6,26,15
6,27,15
6,28,31
6,29,7
6,30,55
6,31,35
6,32,35
6,33,23
6,34,15
6,35,23
6,36,15
6,37,31
6,38,15
6,39,55
6,40,31
6,41,59
6,42,39
6,43,252
6,44,7
6,45,59
6,46,55
6,47,59
6,48,55
6,49,7
6,50,7
6,51,15
6,52,39
6,53,67
6,54,15
6,55,67
6,56,23
6,57,23
6,58,23
6,59,7
6,60,23
6,61,23
6,62,55
6,63,21
7,0,104
7,1,24
7,2,97
7,3,36
7,4,97
7,5,7
7,6,67
7,7,23
7,8,75
7,9,15
7,10,7
7,11,23
7,12,35
7,13,23
7,14,7
7,15,3
7,16,39
7,17,20
7,18,38
7,19,56
7,20,36
7,21,104
7,22,178
7,23,56
7,24,35
7,25,124
7,26,81
7,27,91
7,28,35
7,29,23
7,30,75
7,31,39
7,32,61
7,33,250
7,34,19
7,35,7
7,36,91
7,37,97
7,38,5
7,39,4
7,40,114
7,41,36
7,42,8
7,43,56
7,44,38
7,45,104
7,46,7
7,47,38
7,48,15
7,49,67
7,50,67
7,51,15
7,52,83
7,53,55
7,54,23
7,55,55
7,56,31
7,57,31
7,58,39
7,59,249
7,60,81
7,61,4
7,62,104
7,63,36
8,0,104
8,1,104
8,2,36
8,3,36
8,4,124
8,5,23
8,6,15
8,7,15
8,8,15
8,9,15
8,10,23
8,11,23
8,12,23
8,13,23
8,14,31
8,15,39
8,16,49
8,17,104
8,18,56
8,19,56
8,20,20
8,21,104
8,22,104
8,23,104
8,24,56
8,25,56
8,26,6
8,27,55
8,28,15
8,29,15
8,30,7
8,31,23
8,32,31
8,33,15
8,34,15
8,35,31
8,36,55
8,37,6
8,38,36
8,39,24
8,40,56
8,41,36
8,42,8
8,43,56
8,44,104
8,45,104
8,46,49
8,47,104
8,48,55
8,49,55
8,50,7
8,51,23
8,52,55
8,53,7
8,54,15
8,55,23
8,56,55
8,57,15
8,58,55
8,59,104
8,60,36
8,61,36
8,62,36
8,63,36
9,0,24
9,1,104
9,2,36
9,3,24
9,4,124
9,5,23
9,6,23
9,7,23
9,8,15
9,9,15
9,10,23
9,11,15
9,12,23
9,13,23
9,14,23
9,15,23
9,16,5
9,17,104
9,18,56
9,19,56
9,20,36
9,21,20
9,22,88
9,23,16
9,24,104
9,25,104
9,26,222
9,27,23
9,28,55
9,29,55
9,30,15
9,31,7
9,32,91
9,33,55
9,34,31
9,35,15
9,36,55
9,37,126
9,38,104
9,39,16
9,40,36
9,41,36
9,42,8
9,43,56
9,44,24
9,45,16
9,46,104
9,47,133
9,48,55
9,49,7
9,50,15
9,51,23
9,52,23
9,53,23
9,54,55
9,55,7
9,56,15
9,57,23
9,58,55
9,59,36
9,60,104
9,61,160
9,62,88
9,63,20
10,0,24
10,1,104
10,2,24
10,3,104
10,4,23
10,5,23
10,6,7
10,7,23
10,8,23
10,9,7
10,10,7
10,11,7
10,12,23
10,13,15
10,14,23
10,15,23
10,16,45
10,17,104
10,18,56
10,19,56
10,20,20
10,21,20
10,22,16
10,23,16
10,24,104
10,25,104
10,26,25
10,27,7
10,28,23
10,29,23
10,30,7
10,31,23
10,32,7
10,33,11
10,34,55
10,35,55
10,36,7
10,37,41
10,38,24
10,39,24
10,40,36
10,41,36
10,42,36
10,43,36
10,44,16
10,45,16
10,46,88
10,47,93
10,48,23
10,49,27
10,50,55
10,51,55
10,52,23
10,53,55
10,54,55
10,55,55
10,56,55
10,57,15
10,58,23
10,59,4
10,60,36
10,61,104
10,62,36
10,63,36
11,0,24
11,1,24
11,2,24
11,3,104
11,4,124
11,5,27
11,6,23
11,7,7
11,8,15
11,9,23
11,10,7
11,11,11
11,12,23
11,13,7
11,14,23
11,15,23
11,16,51
11,17,24
11,18,104
11,19,104
11,20,36
11,21,56
11,22,104
11,23,104
11,24,104
11,25,104
11,26,21
11,27,7
11,28,7
11,29,15
11,30,15
11,31,7
11,32,7
11,33,11
11,34,15
11,35,7
11,36,7
11,37,53
11,38,56
11,39,8
11,40,104
11,41,104
11,42,36
11,43,104
11,44,16
11,45,16
11,46,24
11,47,179
11,48,31
11,49,155
11,50,23
11,51,55
11,52,7
11,53,59
11,54,59
11,55,7
11,56,7
11,57,55
11,58,7
11,59,4
11,60,104
11,61,104
11,62,104
11,63,36
12,0,16
12,1,24
12,2,24
12,3,24
12,4,8
12,5,59
12,6,27
12,7,15
12,8,15
12,9,11
12,10,11
12,11,7
12,12,23
12,13,7
12,14,23
12,15,23
12,16,24
12,17,24
12,18,104
12,19,104
12,20,104
12,21,104
12,22,16
12,23,16
12,24,104
12,25,104
12,26,35
12,27,39
12,28,7
12,29,15
12,30,15
12,31,91
12,32,23
12,33,23
12,34,7
12,35,15
12,36,7
12,37,131
12,38,104
12,39,104
12,40,104
12,41,104
12,42,24
12,43,24
12,44,16
12,45,16
12,46,16
12,47,179
12,48,23
12,49,55
12,50,7
12,51,23
12,52,59
12,53,7
12,54,23
12,55,55
12,56,23
12,57,55
12,58,80
12,59,11
12,60,104
12,61,104
12,62,4
12,63,36
13,0,24
13,1,24
13,2,36
13,3,36
13,4,36
13,5,27
13,6,23
13,7,31
13,8,23
13,9,31
13,10,11
13,11,11
13,12,7
13,13,15
13,14,23
13,15,23
13,16,24
13,17,24
13,18,56
13,19,56
13,20,104
13,21,104
13,22,16
13,23,16
13,24,16
13,25,180
13,26,27
13,27,55
13,28,7
13,29,15
13,30,7
13,31,7
13,32,11
13,33,7
13,34,7
13,35,7
13,36,7
13,37,7
13,38,80
13,39,12
13,40,56
13,41,36
13,42,24
13,43,24
13,44,16
13,45,16
13,46,179
13,47,179
13,48,55
13,49,7
13,50,23
13,51,55
13,52,7
13,53,59
13,54,7
13,55,23
13,56,7
13,57,55
13,58,55
13,59,80
13,60,104
13,61,104
13,62,4
13,63,104
14,0,24
14,1,24
14,2,36
14,3,36
14,4,27
14,5,27
14,6,11
14,7,31
14,8,23
14,9,23
14,10,7
14,11,11
14,12,11
14,13,15
14,14,23
14,15,15
14,16,231
14,17,88
14,18,56
14,19,36
14,20,104
14,21,16
14,22,16
14,23,16
14,24,16
14,25,156
14,26,7
14,27,7
14,28,55
14,29,27
14,30,7
14,31,15
14,32,7
14,33,23
14,34,31
14,35,91
14,36,91
14,37,15
14,38,44
14,39,24
14,40,36
14,41,104
14,42,16
14,43,16
14,44,16
14,45,16
14,46,27
14,47,88
14,48,7
14,49,55
14,50,55
14,51,55
14,52,7
14,53,7
14,54,43
14,55,39
14,56,59
14,57,23
14,58,80
14,59,80
14,60,104
14,61,36
14,62,36
14,63,104
15,0,24
15,1,104
15,2,36
15,3,36
15,4,27
15,5,31
15,6,23
15,7,23
15,8,7
15,9,31
15,10,23
15,11,7
15,12,23
15,13,7
15,14,15
15,15,15
15,16,24
15,17,24
15,18,36
15,19,104
15,20,16
15,21,16
15,22,16
15,23,16
15,24,80
15,25,10
15,26,7
15,27,15
15,28,7
15,29,15
15,30,7
15,31,15
15,32,7
15,33,7
15,34,27
15,35,55
15,36,55
15,37,55
15,38,50
15,39,24
15,40,104
15,41,24
15,42,16
15,43,16
15,44,24
15,45,24
15,46,155
15,47,7
15,48,7
15,49,23
15,50,23
15,51,31
15,52,55
15,53,23
15,54,55
15,55,23
15,56,55
15,57,23
15,58,8
15,59,23
15,60,104
15,61,36
15,62,104
15,63,16
16,0,24
16,1,24
16,2,104
16,3,36
16,4,108
16,5,59
16,6,23
16,7,23
16,8,23
16,9,31
16,10,23
16,11,7
16,12,7
16,13,23
16,14,15
16,15,27
16,16,51
16,17,16
16,18,104
16,19,104
16,20,16
16,21,16
16,22,16
16,23,16
16,24,40
16,25,131
16,26,27
16,27,27
16,28,15
16,29,55
16,30,7
16,31,15
16,32,7
16,33,23
16,34,55
16,35,55
16,36,15
16,37,27
16,38,36
16,39,35
16,40,16
16,41,104
16,42,16
16,43,16
16,44,16
16,45,16
16,46,40
16,47,53
16,48,55
16,49,23
16,50,31
16,51,23
16,52,7
16,53,23
16,54,7
16,55,7
16,56,55
16,57,7
16,58,43
16,59,28
16,60,36
16,61,104
16,62,16
16,63,16
17,0,104
17,1,36
17,2,4
17,3,53
17,4,31
17,5,179
17,6,7
17,7,15
17,8,15
17,9,31
17,10,7
17,11,23
17,12,15
17,13,31
17,14,31
17,15,19
17,16,180
17,17,27
17,18,104
17,19,76
17,20,16
17,21,16
17,22,16
17,23,16
17,24,131
17,25,7
17,26,19
17,27,23
17,28,7
17,29,31
17,30,55
17,31,55
17,32,55
17,33,55
17,34,7
17,35,55
17,36,31
17,37,19
17,38,31
17,39,36
17,40,16
17,41,16
17,42,16
17,43,16
17,44,40
17,45,40
17,46,180
17,47,15
17,48,39
17,49,35
17,50,27
17,51,31
17,52,31
17,53,23
17,54,155
17,55,23
17,56,7
17,57,159
17,58,203
17,59,15
17,60,13
17,61,56
17,62,104
17,63,104
18,0,24
18,1,104
18,2,31
18,3,31
18,4,15
18,5,19
18,6,35
18,7,31
18,8,7
18,9,15
18,10,7
18,11,27
18,12,15
18,13,15
18,14,15
18,15,15
18,16,31
18,17,15
18,18,27
18,19,16
18,20,16
18,21,16
18,22,64
18,23,133
18,24,45
18,25,159
18,26,15
18,27,35
18,28,15
18,29,15
18,30,7
18,31,15
18,32,31
18,33,15
18,34,15
18,35,7
18,36,31
18,37,31
18,38,15
18,39,77
18,40,5
18,41,104
18,42,16
18,43,16
18,44,64
18,45,93
18,46,15
18,47,15
18,48,159
18,49,203
18,50,127
18,51,23
18,52,23
18,53,23
18,54,7
18,55,23
18,56,31
18,57,83
18,58,83
18,59,31
18,60,15
18,61,13
18,62,16
18,63,16
19,0,8
19,1,91
19,2,15
19,3,31
19,4,15
19,5,7
19,6,19
19,7,15
19,8,15
19,9,7
19,10,7
19,11,31
19,12,27
19,13,31
19,14,19
19,15,15
19,16,31
19,17,15
19,18,15
19,19,27
19,20,16
19,21,16
19,22,159
19,23,159
19,24,15
19,25,15
19,26,15
19,27,15
19,28,15
19,29,15
19,30,55
19,31,55
19,32,15
19,33,7
19,34,31
19,35,19
19,36,55
19,37,31
19,38,15
19,39,15
19,40,104
19,41,104
19,42,64
19,43,64
19,44,15
19,45,15
19,46,15
19,47,15
19,48,19
19,49,39
19,50,31
19,51,159
19,52,31
19,53,23
19,54,31
19,55,159
19,56,203
19,57,15
19,58,31
19,59,15
19,60,15
19,61,39
19,62,240
19,63,23
20,0,7
20,1,188
20,2,7
20,3,31
20,4,15
20,5,7
20,6,7
20,7,35
20,8,15
20,9,15
20,10,7
20,11,15
20,12,23
20,13,203
20,14,15
20,15,27
20,16,15
20,17,27
20,18,15
20,19,15
20,20,73
20,21,80
20,22,22
20,23,23
20,24,15
20,25,15
20,26,23
20,27,23
20,28,23
20,29,15
20,30,15
20,31,7
20,32,15
20,33,15
20,34,35
20,35,39
20,36,55
20,37,15
20,38,31
20,39,15
20,40,23
20,41,86
20,42,80
20,43,49
20,44,159
20,45,39
20,46,39
20,47,39
20,48,39
20,49,39
20,50,19
20,51,127
20,52,55
20,53,7
20,54,23
20,55,31
20,56,67
20,57,23
20,58,39
20,59,15
20,60,39
20,61,39
20,62,7
20,63,66
21,0,35
21,1,39
21,2,7
21,3,31
21,4,15
21,5,7
21,6,7
21,7,15
21,8,62
21,9,36
21,10,62
21,11,36
21,12,36
21,13,23
21,14,15
21,15,7
21,16,15
21,17,15
21,18,7
21,19,7
21,20,25
21,21,7
21,22,23
21,23,23
21,24,23
21,25,15
21,26,15
21,27,7
21,28,179
21,29,68
21,30,222
21,31,56
21,32,222
21,33,56
21,34,11
21,35,104
21,36,7
21,37,23
21,38,55
21,39,23
21,40,55
21,41,15
21,42,7
21,43,25
21,44,55
21,45,43
21,46,39
21,47,39
21,48,39
21,49,39
21,50,131
21,51,68
21,52,1
21,53,36
21,54,1
21,55,36
21,56,31
21,57,7
21,58,39
21,59,15
21,60,23
21,61,7
21,62,35
21,63,7
22,0,39
22,1,31
22,2,15
22,3,7
22,4,23
22,5,7
22,6,7
22,7,45
22,8,80
22,9,104
22,10,4
22,11,20
22,12,4
22,13,203
22,14,15
22,15,15
22,16,15
22,17,7
22,18,7
22,19,7
22,20,11
22,21,231
22,22,23
22,23,15
22,24,15
22,25,7
22,26,15
22,27,59
22,28,7
22,29,36
22,30,40
22,31,184
22,32,4
22,33,20
22,34,88
22,35,7
22,36,15
22,37,23
22,38,7
22,39,7
22,40,7
22,41,23
22,42,75
22,43,23
22,44,15
22,45,15
22,46,15
22,47,55
22,48,39
22,49,39
22,50,53
22,51,8
22,52,4
22,53,40
22,54,20
22,55,88
22,56,7
22,57,13
22,58,15
22,59,15
22,60,7
22,61,7
22,62,7
22,63,7
23,0,11
23,1,7
23,2,31
23,3,15
23,4,23
23,5,15
23,6,41
23,7,7
23,8,104
23,9,104
23,10,20
23,11,20
23,12,4
23,13,203
23,14,23
23,15,15
23,16,15
23,17,7
23,18,7
23,19,7
23,20,7
23,21,231
23,22,7
23,23,15
23,24,15
23,25,7
23,26,59
23,27,59
23,28,155
23,29,4
23,30,184
23,31,184
23,32,20
23,33,20
23,34,155
23,35,4
23,36,55
23,37,15
23,38,55
23,39,139
23,40,55
23,41,43
23,42,179
23,43,7
23,44,155
23,45,55
23,46,43
23,47,43
23,48,39
23,49,39
23,50,53
23,51,4
23,52,4
23,53,4
23,54,88
23,55,88
23,56,89
23,57,7
23,58,15
23,59,39
23,60,7
23,61,7
23,62,51
23,63,7
24,0,7
24,1,7
24,2,7
24,3,7
24,4,7
24,5,7
24,6,7
24,7,134
24,8,104
24,9,104
24,10,104
24,11,104
24,12,203
24,13,203
24,14,11
24,15,39
24,16,15
24,17,7
24,18,7
24,19,7
24,20,91
24,21,19
24,22,11
24,23,91
24,24,27
24,25,55
24,26,59
24,27,7
24,28,11
24,29,194
24,30,184
24,31,184
24,32,20
24,33,20
24,34,155
24,35,66
24,36,155
24,37,23
24,38,7
24,39,7
24,40,155
24,41,179
24,42,179
24,43,179
24,44,7
24,45,7
24,46,55
24,47,39
24,48,7
24,49,11
24,50,155
24,51,88
24,52,4
24,53,4
24,54,20
24,55,20
24,56,38
24,57,155
24,58,15
24,59,15
24,60,23
24,61,7
24,62,7
24,63,11
25,0,7
25,1,11
25,2,23
25,3,7
25,4,7
25,5,7
25,6,7
25,7,124
25,8,104
25,9,104
25,10,20
25,11,4
25,12,56
25,13,7
25,14,7
25,15,7
25,16,7
25,17,7
25,18,7
25,19,19
25,20,231
25,21,231
25,22,7
25,23,27
25,24,15
25,25,23
25,26,155
25,27,55
25,28,155
25,29,40
25,30,68
25,31,24
25,32,4
25,33,4
25,34,4
25,35,7
25,36,155
25,37,155
25,38,23
25,39,155
25,40,7
25,41,155
25,42,7
25,43,7
25,44,55
25,45,7
25,46,7
25,47,7
25,48,7
25,49,7
25,50,88
25,51,4
25,52,4
25,53,4
25,54,4
25,55,4
25,56,124
25,57,7
25,58,7
25,59,39
25,60,7
25,61,7
25,62,243
25,63,7
26,0,7
26,1,31
26,2,11
26,3,23
26,4,7
26,5,7
26,6,203
26,7,160
26,8,104
26,9,104
26,10,4
26,11,56
26,12,40
26,13,181
26,14,7
26,15,7
26,16,7
26,17,7
26,18,7
26,19,7
26,20,231
26,21,231
26,22,7
26,23,7
26,24,55
26,25,7
26,26,155
26,27,155
26,28,53
26,29,16
26,30,16
26,31,24
26,32,184
26,33,40
26,34,8
26,35,181
26,36,15
26,37,155
26,38,7
26,39,55
26,40,7
26,41,7
26,42,179
26,43,7
26,44,55
26,45,43
26,46,159
26,47,39
26,48,7
26,49,155
26,50,13
26,51,80
26,52,4
26,53,4
26,54,4
26,55,40
26,56,40
26,57,7
26,58,39
26,59,7
26,60,23
26,61,7
26,62,11
26,63,11
27,0,19
27,1,7
27,2,7
27,3,23
27,4,15
27,5,7
27,6,80
27,7,80
27,8,104
27,9,104
27,10,40
27,11,40
27,12,80
27,13,81
27,14,19
27,15,23
27,16,15
27,17,7
27,18,7
27,19,7
27,20,139
27,21,23
27,22,23
27,23,23
27,24,15
27,25,23
27,26,155
27,27,7
27,28,53
27,29,24
27,30,24
27,31,24
27,32,4
27,33,40
27,34,8
27,35,155
27,36,15
27,37,7
27,38,15
27,39,179
27,40,155
27,41,23
27,42,179
27,43,7
27,44,55
27,45,7
27,46,55
27,47,7
27,48,155
27,49,55
27,50,1
27,51,24
27,52,4
27,53,4
27,54,40
27,55,40
27,56,40
27,57,227
27,58,39
27,59,7
27,60,39
27,61,243
27,62,15
27,63,11
28,0,7
28,1,11
28,2,7
28,3,31
28,4,31
28,5,43
28,6,80
28,7,80
28,8,56
28,9,40
28,10,40
28,11,80
28,12,26
28,13,16
28,14,7
28,15,7
28,16,31
28,17,23
28,18,7
28,19,7
28,20,231
28,21,231
28,22,7
28,23,7
28,24,55
28,25,23
28,26,55
28,27,55
28,28,7
28,29,88
28,30,4
28,31,24
28,32,8
28,33,8
28,34,240
28,35,55
28,36,15
28,37,7
28,38,31
28,39,39
28,40,7
28,41,7
28,42,7
28,43,7
28,44,7
28,45,55
28,46,55
28,47,7
28,48,155
28,49,155
28,50,106
28,51,24
28,52,4
28,53,4
28,54,40
28,55,40
28,56,194
28,57,23
28,58,15
28,59,39
28,60,7
28,61,7
28,62,11
28,63,11
29,0,118
29,1,59
29,2,7
29,3,31
29,4,31
29,5,7
29,6,23
29,7,40
29,8,20
29,9,4
29,10,104
29,11,16
29,12,16
29,13,12
29,14,15
29,15,7
29,16,31
29,17,31
29,18,31
29,19,31
29,20,7
29,21,114
29,22,7
29,23,7
29,24,23
29,25,15
29,26,55
29,27,55
29,28,88
29,29,24
29,30,40
29,31,40
29,32,240
29,33,240
29,34,55
29,35,55
29,36,7
29,37,7
29,38,31
29,39,31
29,40,7
29,41,7
29,42,114
29,43,59
29,44,55
29,45,7
29,46,63
29,47,15
29,48,7
29,49,7
29,50,44
29,51,80
29,52,88
29,53,40
29,54,80
29,55,80
29,56,80
29,57,7
29,58,15
29,59,39
29,60,7
29,61,31
29,62,14
29,63,23
30,0,44
30,1,31
30,2,31
30,3,7
30,4,31
30,5,31
30,6,19
30,7,180
30,8,4
30,9,104
30,10,16
30,11,16
30,12,176
30,13,67
30,14,15
30,15,19
30,16,23
30,17,31
30,18,31
30,19,7
30,20,53
30,21,20
30,22,27
30,23,76
30,24,59
30,25,31
30,26,15
30,27,3
30,28,61
30,29,164
30,30,184
30,31,40
30,32,240
30,33,240
30,34,61
30,35,247
30,36,243
30,37,159
30,38,31
30,39,31
30,40,131
30,41,36
30,42,52
30,43,13
30,44,7
30,45,254
30,46,159
30,47,23
30,48,23
30,49,67
30,50,227
30,51,200
30,52,40
30,53,40
30,54,80
30,55,80
30,56,164
30,57,19
30,58,7
30,59,63
30,60,31
30,61,31
30,62,44
30,63,231
31,0,200
31,1,89
31,2,35
31,3,15
31,4,15
31,5,203
31,6,101
31,7,15
31,8,4
31,9,110
31,10,176
31,11,176
31,12,67
31,13,31
31,14,15
31,15,75
31,16,23
31,17,31
31,18,15
31,19,20
31,20,72
31,21,4
31,22,20
31,23,7
31,24,15
31,25,15
31,26,47
31,27,83
31,28,31
31,29,150
31,30,8
31,31,8
31,32,240
31,33,240
31,34,63
31,35,86
31,36,75
31,37,15
31,38,31
31,39,39
31,40,114
31,41,52
31,42,4
31,43,20
31,44,13
31,45,15
31,46,63
31,47,159
31,48,15
31,49,75
31,50,15
31,51,200
31,52,40
31,53,40
31,54,16
31,55,30
31,56,37
31,57,15
31,58,91
31,59,31
31,60,55
31,61,3
31,62,57
31,63,88
32,0,16
32,1,104
32,2,89
32,3,7
32,4,23
32,5,179
32,6,23
32,7,15
32,8,19
32,9,104
32,10,16
32,11,124
32,12,202
32,13,15
32,14,23
32,15,23
32,16,75
32,17,23
32,18,20
32,19,4
32,20,4
32,21,4
32,22,52
32,23,101
32,24,15
32,25,39
32,26,27
32,27,47
32,28,15
32,29,7
32,30,164
32,31,240
32,32,240
32,33,61
32,34,11
32,35,15
32,36,31
32,37,75
32,38,15
32,39,7
32,40,181
32,41,4
32,42,4
32,43,4
32,44,7
32,45,59
32,46,7
32,47,75
32,48,23
32,49,23
32,50,15
32,51,26
32,52,80
32,53,28
32,54,19
32,55,19
32,56,15
32,57,7
32,58,39
32,59,179
32,60,44
32,61,88
32,62,88
32,63,88
33,0,104
33,1,16
33,2,15
33,3,35
33,4,45
33,5,31
33,6,15
33,7,15
33,8,4
33,9,110
33,10,19
33,11,15
33,12,91
33,13,55
33,14,15
33,15,55
33,16,23
33,17,19
33,18,89
33,19,24
33,20,24
33,21,24
33,22,24
33,23,24
33,24,101
33,25,47
33,26,15
33,27,15
33,28,39
33,29,15
33,30,164
33,31,164
33,32,15
33,33,15
33,34,31
33,35,7
33,36,7
33,37,31
33,38,75
33,39,4
33,40,8
33,41,80
33,42,8
33,43,4
33,44,40
33,45,89
33,46,35
33,47,23
33,48,15
33,49,15
33,50,15
33,51,15
33,52,61
33,53,240
33,54,15
33,55,91
33,56,31
33,57,55
33,58,15
33,59,3
33,60,88
33,61,88
33,62,8
33,63,24
34,0,16
34,1,80
34,2,24
34,3,227
34,4,15
34,5,15
34,6,15
34,7,15
34,8,15
34,9,23
34,10,58
34,11,23
34,12,15
34,13,91
34,14,15
34,15,55
34,16,23
34,17,174
34,18,80
34,19,40
34,20,24
34,21,24
34,22,20
34,23,40
34,24,52
34,25,39
34,26,15
34,27,15
34,28,7
34,29,15
34,30,23
34,31,114
34,32,15
34,33,15
34,34,7
34,35,7
34,36,7
34,37,31
34,38,31
34,39,80
34,40,8
34,41,8
34,42,52
34,43,20
34,44,40
34,45,40
34,46,174
34,47,15
34,48,15
34,49,15
34,50,23
34,51,15
34,52,23
34,53,54
34,54,15
34,55,15
34,56,15
34,57,15
34,58,55
34,59,55
34,60,195
34,61,16
34,62,24
34,63,24
35,0,200
35,1,24
35,2,55
35,3,36
35,4,7
35,5,55
35,6,23
35,7,23
35,8,23
35,9,7
35,10,19
35,11,7
35,12,55
35,13,55
35,14,23
35,15,23
35,16,53
35,17,91
35,18,40
35,19,40
35,20,20
35,21,20
35,22,24
35,23,24
35,24,114
35,25,15
35,26,15
35,27,23
35,28,15
35,29,39
35,30,155
35,31,55
35,32,35
35,33,55
35,34,55
35,35,15
35,36,7
35,37,23
35,38,23
35,39,8
35,40,4
35,41,4
35,42,4
35,43,4
35,44,40
35,45,40
35,46,53
35,47,7
35,48,15
35,49,15
35,50,23
35,51,23
35,52,23
35,53,35
35,54,23
35,55,23
35,56,15
35,57,23
35,58,15
35,59,23
35,60,91
35,61,24
35,62,24
35,63,24
36,0,24
36,1,24
36,2,20
36,3,11
36,4,23
36,5,31
36,6,15
36,7,55
36,8,7
36,9,7
36,10,7
36,11,7
36,12,23
36,13,23
36,14,15
36,15,55
36,16,91
36,17,91
36,18,104
36,19,156
36,20,52
36,21,24
36,22,16
36,23,40
36,24,16
36,25,11
36,26,39
36,27,15
36,28,39
36,29,55
36,30,39
36,31,155
36,32,55
36,33,155
36,34,7
36,35,31
36,36,7
36,37,23
36,38,80
36,39,179
36,40,4
36,41,4
36,42,40
36,43,40
36,44,240
36,45,28
36,46,15
36,47,15
36,48,23
36,49,15
36,50,15
36,51,23
36,52,35
36,53,35
36,54,23
36,55,11
36,56,91
36,57,55
36,58,31
36,59,7
36,60,195
36,61,24
36,62,24
36,63,4
37,0,24
37,1,24
37,2,36
37,3,45
37,4,7
37,5,7
37,6,7
37,7,7
37,8,7
37,9,203
37,10,7
37,11,7
37,12,23
37,13,23
37,14,15
37,15,91
37,16,7
37,17,155
37,18,178
37,19,8
37,20,40
37,21,40
37,22,16
37,23,16
37,24,180
37,25,7
37,26,7
37,27,55
37,28,7
37,29,7
37,30,23
37,31,155
37,32,23
37,33,155
37,34,55
37,35,7
37,36,7
37,37,23
37,38,7
37,39,180
37,40,4
37,41,4
37,42,240
37,43,240
37,44,16
37,45,178
37,46,155
37,47,31
37,48,243
37,49,55
37,50,7
37,51,7
37,52,7
37,53,19
37,54,155
37,55,55
37,56,91
37,57,55
37,58,7
37,59,7
37,60,24
37,61,24
37,62,20
37,63,40
38,0,80
38,1,80
38,2,20
38,3,7
38,4,7
38,5,55
38,6,15
38,7,203
38,8,203
38,9,55
38,10,7
38,11,243
38,12,91
38,13,55
38,14,91
38,15,91
38,16,7
38,17,11
38,18,126
38,19,8
38,20,40
38,21,40
38,22,16
38,23,16
38,24,26
38,25,39
38,26,7
38,27,55
38,28,23
38,29,155
38,30,39
38,31,55
38,32,55
38,33,55
38,34,23
38,35,55
38,36,15
38,37,7
38,38,91
38,39,106
38,40,4
38,41,4
38,42,16
38,43,16
38,44,16
38,45,1
38,46,7
38,47,7
38,48,23
38,49,23
38,50,7
38,51,155
38,52,55
38,53,35
38,54,55
38,55,23
38,56,55
38,57,55
38,58,7
38,59,91
38,60,7
38,61,40
38,62,24
38,63,24
39,0,20
39,1,20
39,2,98
39,3,155
39,4,51
39,5,7
39,6,7
39,7,15
39,8,91
39,9,23
39,10,7
39,11,7
39,12,91
39,13,15
39,14,7
39,15,55
39,16,91
39,17,91
39,18,13
39,19,4
39,20,16
39,21,16
39,22,16
39,23,16
39,24,49
39,25,155
39,26,7
39,27,39
39,28,23
39,29,39
39,30,155
39,31,55
39,32,155
39,33,15
39,34,7
39,35,7
39,36,7
39,37,23
39,38,91
39,39,73
39,40,40
39,41,240
39,42,240
39,43,16
39,44,16
39,45,13
39,46,155
39,47,7
39,48,55
39,49,23
39,50,23
39,51,155
39,52,19
39,53,35
39,54,155
39,55,7
39,56,7
39,57,7
39,58,55
39,59,155
39,60,203
39,61,66
39,62,24
39,63,24
40,0,80
40,1,80
40,2,98
40,3,51
40,4,7
40,5,15
40,6,7
40,7,15
40,8,7
40,9,243
40,10,51
40,11,59
40,12,243
40,13,15
40,14,55
40,15,7
40,16,7
40,17,11
40,18,55
40,19,88
40,20,16
40,21,16
40,22,16
40,23,16
40,24,195
40,25,7
40,26,7
40,27,7
40,28,55
40,29,55
40,30,43
40,31,23
40,32,139
40,33,23
40,34,23
40,35,23
40,36,7
40,37,23
40,38,35
40,39,59
40,40,240
40,41,240
40,42,16
40,43,16
40,44,184
40,45,43
40,46,7
40,47,155
40,48,23
40,49,55
40,50,23
40,51,155
40,52,7
40,53,19
40,54,243
40,55,23
40,56,155
40,57,55
40,58,7
40,59,155
40,60,203
40,61,4
40,62,8
40,63,8
41,0,80
41,1,80
41,2,8
41,3,7
41,4,7
41,5,15
41,6,15
41,7,15
41,8,7
41,9,7
41,10,203
41,11,55
41,12,91
41,13,55
41,14,15
41,15,15
41,16,55
41,17,15
41,18,15
41,19,36
41,20,40
41,21,16
41,22,8
41,23,178
41,24,55
41,25,39
41,26,155
41,27,55
41,28,39
41,29,7
41,30,55
41,31,39
41,32,55
41,33,55
41,34,15
41,35,55
41,36,55
41,37,7
41,38,23
41,39,7
41,40,28
41,41,104
41,42,16
41,43,16
41,44,16
41,45,43
41,46,23
41,47,23
41,48,23
41,49,31
41,50,91
41,51,31
41,52,23
41,53,7
41,54,23
41,55,55
41,56,23
41,57,55
41,58,155
41,59,55
41,60,8
41,61,91
41,62,8
41,63,8
42,0,16
42,1,55
42,2,40
42,3,27
42,4,15
42,5,7
42,6,15
42,7,43
42,8,7
42,9,7
42,10,250
42,11,73
42,12,55
42,13,15
42,14,31
42,15,7
42,16,7
42,17,91
42,18,8
42,19,83
42,20,40
42,21,15
42,22,40
42,23,75
42,24,7
42,25,7
42,26,55
42,27,39
42,28,55
42,29,55
42,30,59
42,31,10
42,32,59
42,33,124
42,34,7
42,35,55
42,36,15
42,37,7
42,38,59
42,39,59
42,40,104
42,41,203
42,42,40
42,43,15
42,44,16
42,45,179
42,46,23
42,47,15
42,48,23
42,49,23
42,50,91
42,51,31
42,52,27
42,53,5
42,54,7
42,55,59
42,56,55
42,57,155
42,58,7
42,59,155
42,60,7
42,61,8
42,62,104
42,63,15
43,0,23
43,1,27
43,2,7
43,3,27
43,4,7
43,5,15
43,6,15
43,7,31
43,8,250
43,9,4
43,10,36
43,11,13
43,12,55
43,13,55
43,14,63
43,15,15
43,16,23
43,17,131
43,18,19
43,19,23
43,20,7
43,21,23
43,22,55
43,23,55
43,24,35
43,25,7
43,26,7
43,27,31
43,28,31
43,29,23
43,30,39
43,31,4
43,32,4
43,33,59
43,34,15
43,35,23
43,36,7
43,37,159
43,38,55
43,39,19
43,40,55
43,41,55
43,42,55
43,43,55
43,44,23
43,45,35
43,46,7
43,47,35
43,48,91
43,49,31
43,50,23
43,51,23
43,52,93
43,53,100
43,54,59
43,55,36
43,56,7
43,57,159
43,58,31
43,59,7
43,60,19
43,61,23
43,62,7
43,63,55
44,0,23
44,1,23
44,2,23
44,3,3
44,4,15
44,5,19
44,6,31
44,7,15
44,8,20
44,9,13
44,10,76
44,11,4
44,12,156
44,13,31
44,14,15
44,15,55
44,16,91
44,17,23
44,18,91
44,19,23
44,20,15
44,21,7
44,22,55
44,23,7
44,24,203
44,25,15
44,26,127
44,27,23
44,28,15
44,29,49
44,30,46
44,31,100
44,32,126
44,33,88
44,34,159
44,35,33
44,36,159
44,37,23
44,38,179
44,39,39
44,40,55
44,41,55
44,42,15
44,43,59
44,44,59
44,45,31
44,46,203
44,47,15
44,48,63
44,49,55
44,50,55
44,51,188
44,52,172
44,53,36
44,54,36
44,55,59
44,56,127
44,57,15
44,58,159
44,59,19
44,60,23
44,61,31
44,62,55
44,63,7
45,0,23
45,1,15
45,2,31
45,3,31
45,4,15
45,5,15
45,6,15
45,7,20
45,8,4
45,9,4
45,10,4
45,11,4
45,12,31
45,13,31
45,14,55
45,15,23
45,16,23
45,17,23
45,18,55
45,19,23
45,20,7
45,21,7
45,22,23
45,23,15
45,24,39
45,25,7
45,26,15
45,27,15
45,28,100
45,29,100
45,30,4
45,31,100
45,32,36
45,33,240
45,34,159
45,35,159
45,36,15
45,37,3
45,38,55
45,39,55
45,40,15
45,41,59
45,42,23
45,43,23
45,44,23
45,45,23
45,46,23
45,47,35
45,48,55
45,49,63
45,50,36
45,51,36
45,52,36
45,53,36
45,54,16
45,55,56
45,56,59
45,57,15
45,58,31
45,59,179
45,60,15
45,61,31
45,62,55
45,63,7
46,0,23
46,1,7
46,2,7
46,3,15
46,4,7
46,5,27
46,6,20
46,7,4
46,8,20
46,9,20
46,10,4
46,11,4
46,12,16
46,13,42
46,14,27
46,15,38
46,16,23
46,17,23
46,18,39
46,19,7
46,20,7
46,21,7
46,22,15
46,23,23
46,24,55
46,25,23
46,26,59
46,27,19
46,28,13
46,29,88
46,30,100
46,31,100
46,32,240
46,33,240
46,34,16
46,35,53
46,36,7
46,37,19
46,38,55
46,39,55
46,40,15
46,41,59
46,42,59
46,43,23
46,44,15
46,45,15
46,46,31
46,47,27
46,48,91
46,49,102
46,50,90
46,51,24
46,52,100
46,53,36
46,54,56
46,55,16
46,56,7
46,57,59
46,58,179
46,59,7
46,60,7
46,61,55
46,62,7
46,63,7
47,0,7
47,1,43
47,2,31
47,3,7
47,4,7
47,5,35
47,6,251
47,7,8
47,8,8
47,9,4
47,10,4
47,11,4
47,12,16
47,13,16
47,14,16
47,15,23
47,16,23
47,17,27
47,18,23
47,19,7
47,20,7
47,21,23
47,22,11
47,23,7
47,24,15
47,25,15
47,26,155
47,27,44
47,28,8
47,29,72
47,30,4
47,31,4
47,32,16
47,33,16
47,34,16
47,35,16
47,36,44
47,37,243
47,38,155
47,39,23
47,40,55
47,41,55
47,42,155
47,43,7
47,44,27
47,45,7
47,46,15
47,47,7
47,48,23
47,49,24
47,50,36
47,51,36
47,52,56
47,53,56
47,54,56
47,55,16
47,56,16
47,57,124
47,58,7
47,59,7
47,60,55
47,61,7
47,62,23
47,63,7
48,0,139
48,1,7
48,2,7
48,3,7
48,4,39
48,5,221
48,6,16
48,7,88
48,8,4
48,9,8
48,10,16
48,11,16
48,12,16
48,13,16
48,14,16
48,15,23
48,16,23
48,17,23
48,18,39
48,19,7
48,20,7
48,21,7
48,22,23
48,23,23
48,24,23
48,25,23
48,26,27
48,27,160
48,28,72
48,29,72
48,30,88
48,31,88
48,32,16
48,33,16
48,34,16
48,35,16
48,36,243
48,37,155
48,38,23
48,39,155
48,40,55
48,41,59
48,42,55
48,43,7
48,44,27
48,45,27
48,46,23
48,47,7
48,48,35
48,49,24
48,50,24
48,51,24
48,52,16
48,53,56
48,54,16
48,55,16
48,56,16
48,57,16
48,58,45
48,59,7
48,60,7
48,61,15
48,62,55
48,63,7
49,0,27
49,1,7
49,2,39
49,3,39
49,4,101
49,5,23
49,6,8
49,7,8
49,8,4
49,9,4
49,10,16
49,11,16
49,12,16
49,13,16
49,14,80
49,15,61
49,16,39
49,17,7
49,18,31
49,19,7
49,20,11
49,21,11
49,22,15
49,23,7
49,24,23
49,25,7
49,26,7
49,27,160
49,28,240
49,29,240
49,30,240
49,31,240
49,32,16
49,33,16
49,34,16
49,35,16
49,36,243
49,37,23
49,38,15
49,39,23
49,40,155
49,41,55
49,42,27
49,43,27
49,44,7
49,45,27
49,46,7
49,47,7
49,48,24
49,49,24
49,50,36
49,51,24
49,52,56
49,53,56
49,54,16
49,55,16
49,56,16
49,57,16
49,58,5
49,59,91
49,60,91
49,61,7
49,62,7
49,63,7
50,0,55
50,1,27
50,2,7
50,3,23
50,4,23
50,5,9
50,6,4
50,7,4
50,8,4
50,9,4
50,10,16
50,11,16
50,12,16
50,13,80
50,14,80
50,15,23
50,16,227
50,17,231
50,18,7
50,19,7
50,20,7
50,21,15
50,22,15
50,23,7
50,24,23
50,25,7
50,26,91
50,27,198
50,28,88
50,29,88
50,30,36
50,31,8
50,32,16
50,33,16
50,34,16
50,35,240
50,36,44
50,37,15
50,38,55
50,39,7
50,40,55
50,41,155
50,42,27
50,43,7
50,44,243
50,45,23
50,46,7
50,47,91
50,48,24
50,49,24
50,50,56
50,51,56
50,52,16
50,53,16
50,54,16
50,55,16
50,56,16
50,57,104
50,58,105
50,59,59
50,60,23
50,61,7
50,62,55
50,63,23
51,0,23
51,1,23
51,2,23
51,3,23
51,4,55
51,5,94
51,6,4
51,7,4
51,8,16
51,9,16
51,10,16
51,11,16
51,12,80
51,13,80
51,14,23
51,15,23
51,16,31
51,17,7
51,18,31
51,19,55
51,20,39
51,21,7
51,22,15
51,23,7
51,24,31
51,25,231
51,26,7
51,27,72
51,28,36
51,29,36
51,30,16
51,31,240
51,32,16
51,33,16
51,34,16
51,35,16
51,36,44
51,37,155
51,38,55
51,39,23
51,40,31
51,41,43
51,42,7
51,43,27
51,44,15
51,45,15
51,46,15
51,47,95
51,48,24
51,49,24
51,50,56
51,51,16
51,52,16
51,53,16
51,54,16
51,55,16
51,56,104
51,57,16
51,58,94
51,59,7
51,60,23
51,61,31
51,62,7
51,63,55
52,0,23
52,1,23
52,2,23
52,3,23
52,4,42
52,5,55
52,6,4
52,7,4
52,8,8
52,9,16
52,10,16
52,11,16
52,12,80
52,13,80
52,14,23
52,15,23
52,16,31
52,17,7
52,18,31
52,19,31
52,20,15
52,21,7
52,22,23
52,23,7
52,24,31
52,25,31
52,26,7
52,27,88
52,28,8
52,29,8
52,30,16
52,31,240
52,32,16
52,33,16
52,34,16
52,35,16
52,36,55
52,37,155
52,38,55
52,39,7
52,40,27
52,41,31
52,42,23
52,43,23
52,44,23
52,45,23
52,46,31
52,47,95
52,48,24
52,49,24
52,50,16
52,51,16
52,52,16
52,53,16
52,54,16
52,55,16
52,56,16
52,57,16
52,58,26
52,59,7
52,60,7
52,61,31
52,62,31
52,63,7
53,0,55
53,1,55
53,2,27
53,3,159
53,4,31
53,5,194
53,6,4
53,7,8
53,8,16
53,9,16
53,10,16
53,11,16
53,12,80
53,13,80
53,14,88
53,15,250
53,16,7
53,17,31
53,18,31
53,19,55
53,20,31
53,21,31
53,22,31
53,23,31
53,24,15
53,25,31
53,26,31
53,27,8
53,28,72
53,29,8
53,30,16
53,31,240
53,32,16
53,33,16
53,34,16
53,35,16
53,36,155
53,37,55
53,38,31
53,39,31
53,40,31
53,41,31
53,42,55
53,43,23
53,44,31
53,45,95
53,46,95
53,47,15
53,48,15
53,49,88
53,50,56
53,51,56
53,52,16
53,53,16
53,54,16
53,55,16
53,56,104
53,57,16
53,58,194
53,59,55
53,60,27
53,61,31
53,62,159
53,63,7
54,0,55
54,1,55
54,2,159
54,3,15
54,4,15
54,5,180
54,6,16
54,7,16
54,8,8
54,9,8
54,10,16
54,11,16
54,12,16
54,13,16
54,14,250
54,15,250
54,16,31
54,17,31
54,18,55
54,19,55
54,20,39
54,21,7
54,22,139
54,23,15
54,24,231
54,25,31
54,26,7
54,27,8
54,28,8
54,29,72
54,30,16
54,31,240
54,32,16
54,33,16
54,34,240
54,35,16
54,36,104
54,37,19
54,38,15
54,39,39
54,40,31
54,41,55
54,42,7
54,43,7
54,44,15
54,45,15
54,46,15
54,47,15
54,48,88
54,49,88
54,50,16
54,51,16
54,52,16
54,53,16
54,54,16
54,55,16
54,56,16
54,57,104
54,58,76
54,59,39
54,60,31
54,61,7
54,62,23
54,63,31
55,0,55
55,1,27
55,2,159
55,3,27
55,4,23
55,5,16
55,6,8
55,7,8
55,8,16
55,9,16
55,10,16
55,11,16
55,12,16
55,13,16
55,14,16
55,15,250
55,16,55
55,17,91
55,18,55
55,19,55
55,20,55
55,21,15
55,22,7
55,23,7
55,24,231
55,25,15
55,26,45
55,27,16
55,28,16
55,29,16
55,30,16
55,31,240
55,32,16
55,33,16
55,34,16
55,35,16
55,36,240
55,37,15
55,38,31
55,39,31
55,40,15
55,41,15
55,42,31
55,43,23
55,44,7
55,45,31
55,46,15
55,47,15
55,48,88
55,49,16
55,50,16
55,51,16
55,52,16
55,53,16
55,54,16
55,55,16
55,56,16
55,57,16
55,58,16
55,59,27
55,60,159
55,61,7
55,62,31
55,63,31
56,0,15
56,1,27
56,2,23
56,3,35
56,4,252
56,5,7
56,6,140
56,7,227
56,8,40
56,9,54
56,10,16
56,11,92
56,12,160
56,13,105
56,14,164
56,15,67
56,16,7
56,17,131
56,18,15
56,19,67
56,20,7
56,21,179
56,22,67
56,23,67
56,24,67
56,25,59
56,26,19
56,27,62
56,28,180
56,29,131
56,30,8
56,31,78
56,32,8
56,33,78
56,34,164
56,35,19
56,36,190
56,37,19
56,38,131
56,39,7
56,40,131
56,41,131
56,42,131
56,43,7
56,44,39
56,45,131
56,46,3
56,47,155
56,48,242
56,49,7
56,50,104
56,51,89
56,52,8
56,53,188
56,54,16
56,55,86
56,56,140
56,57,61
56,58,3
56,59,7
56,60,15
56,61,3
56,62,15
56,63,27
57,0,29
57,1,23
57,2,139
57,3,23
57,4,15
57,5,91
57,6,27
57,7,55
57,8,243
57,9,39
57,10,59
57,11,55
57,12,7
57,13,227
57,14,23
57,15,139
57,16,91
57,17,91
57,18,7
57,19,55
57,20,131
57,21,15
57,22,15
57,23,7
57,24,7
57,25,15
57,26,59
57,27,7
57,28,55
57,29,7
57,30,39
57,31,139
57,32,243
57,33,23
57,34,39
57,35,39
57,36,39
57,37,23
57,38,139
57,39,55
57,40,23
57,41,15
57,42,19
57,43,7
57,44,7
57,45,39
57,46,15
57,47,15
57,48,7
57,49,155
57,50,227
57,51,23
57,52,139
57,53,23
57,54,15
57,55,91
57,56,27
57,57,55
57,58,55
57,59,39
57,60,7
57,61,27
57,62,45
57,63,91
58,0,7
58,1,155
58,2,7
58,3,55
58,4,55
58,5,55
58,6,15
58,7,91
58,8,55
58,9,55
58,10,31
58,11,7
58,12,7
58,13,7
58,14,7
58,15,55
58,16,31
58,17,39
58,18,31
58,19,7
58,20,15
58,21,7
58,22,15
58,23,39
58,24,15
58,25,7
58,26,15
58,27,7
58,28,31
58,29,15
58,30,39
58,31,39
58,32,39
58,33,39
58,34,31
58,35,23
58,36,55
58,37,7
58,38,7
58,39,55
58,40,55
58,41,7
58,42,55
58,43,7
58,44,7
58,45,55
58,46,55
58,47,55
58,48,31
58,49,7
58,50,7
58,51,155
58,52,31
58,53,7
58,54,55
58,55,55
58,56,91
58,57,27
58,58,7
58,59,55
58,60,31
58,61,7
58,62,7
58,63,55
59,0,23
59,1,7
59,2,15
59,3,15
59,4,55
59,5,15
59,6,55
59,7,55
59,8,55
59,9,31
59,10,31
59,11,55
59,12,55
59,13,59
59,14,55
59,15,55
59,16,55
59,17,55
59,18,91
59,19,91
59,20,15
59,21,7
59,22,63
59,23,15
59,24,39
59,25,7
59,26,15
59,27,7
59,28,15
59,29,15
59,30,15
59,31,15
59,32,23
59,33,39
59,34,31
59,35,31
59,36,23
59,37,31
59,38,7
59,39,23
59,40,55
59,41,55
59,42,55
59,43,39
59,44,55
59,45,39
59,46,31
59,47,7
59,48,31
59,49,23
59,50,23
59,51,7
59,52,23
59,53,15
59,54,15
59,55,55
59,56,55
59,57,55
59,58,31
59,59,31
59,60,31
59,61,55
59,62,7
59,63,7
60,0,55
60,1,55
60,2,250
60,3,127
60,4,159
60,5,23
60,6,55
60,7,15
60,8,7
60,9,254
60,10,7
60,11,55
60,12,15
60,13,55
60,14,250
60,15,159
60,16,31
60,17,31
60,18,91
60,19,55
60,20,7
60,21,254
60,22,7
60,23,15
60,24,39
60,25,7
60,26,31
60,27,15
60,28,39
60,29,15
60,30,15
60,31,15
60,32,15
60,33,31
60,34,7
60,35,159
60,36,23
60,37,31
60,38,39
60,39,55
60,40,243
60,41,159
60,42,159
60,43,7
60,44,7
60,45,23
60,46,7
60,47,254
60,48,159
60,49,7
60,50,23
60,51,31
60,52,31
60,53,31
60,54,91
60,55,55
60,56,55
60,57,31
60,58,7
60,59,254
60,60,7
60,61,55
60,62,55
60,63,55
61,0,15
61,1,15
61,2,23
61,3,23
61,4,23
61,5,91
61,6,55
61,7,15
61,8,55
61,9,55
61,10,55
61,11,7
61,12,59
61,13,55
61,14,55
61,15,55
61,16,55
61,17,55
61,18,250
61,19,91
61,20,55
61,21,63
61,22,63
61,23,15
61,24,39
61,25,7
61,26,31
61,27,15
61,28,31
61,29,39
61,30,39
61,31,15
61,32,39
61,33,39
61,34,31
61,35,39
61,36,39
61,37,55
61,38,55
61,39,55
61,40,159
61,41,159
61,42,55
61,43,7
61,44,15
61,45,139
61,46,7
61,47,15
61,48,31
61,49,7
61,50,7
61,51,55
61,52,15
61,53,15
61,54,55
61,55,7
61,56,55
61,57,55
61,58,91
61,59,55
61,60,55
61,61,55
61,62,55
61,63,7
62,0,23
62,1,23
62,2,23
62,3,39
62,4,55
62,5,15
62,6,15
62,7,55
62,8,55
62,9,23
62,10,7
62,11,55
62,12,31
62,13,7
62,14,55
62,15,55
62,16,55
62,17,55
62,18,55
62,19,55
62,20,7
62,21,55
62,22,31
62,23,15
62,24,39
62,25,7
62,26,15
62,27,31
62,28,15
62,29,15
62,30,15
62,31,15
62,32,39
62,33,15
62,34,15
62,35,15
62,36,23
62,37,55
62,38,7
62,39,55
62,40,159
62,41,55
62,42,159
62,43,23
62,44,55
62,45,7
62,46,15
62,47,7
62,48,159
62,49,7
62,50,7
62,51,7
62,52,31
62,53,91
62,54,15
62,55,15
62,56,23
62,57,15
62,58,55
62,59,55
62,60,7
62,61,55
62,62,55
62,63,55
63,0,23
63,1,23
63,2,23
63,3,23
63,4,55
63,5,15
63,6,55
63,7,23
63,8,55
63,9,91
63,10,55
63,11,15
63,12,159
63,13,15
63,14,15
63,15,15
63,16,15
63,17,55
63,18,55
63,19,23
63,20,55
63,21,23
63,22,7
63,23,39
63,24,15
63,25,7
63,26,39
63,27,39
63,28,7
63,29,15
63,30,39
63,31,15
63,32,31
63,33,15
63,34,15
63,35,15
63,36,55
63,37,23
63,38,55
63,39,23
63,40,15
63,41,15
63,42,15
63,43,15
63,44,55
63,45,15
63,46,159
63,47,55
63,48,23
63,49,55
63,50,55
63,51,55
63,52,23
63,53,23
63,54,55
63,55,91
63,56,55
63,57,55
63,58,31
63,59,7
63,60,55
63,61,55
63,62,31
63,63,31
